ID,UUID,Versao_Form,Status,Data_Inicio,Hora_Inicio,Data_Fim,Hora_Fim,Duracao_min,Municipio,Cod_IBGE,Comunidade,Cod_Com,Polo,Bloco,Supervisor,Pesquisador,Mobilizador,Latitude,Longitude,Precisao_GPS_m,Foto,Consentimento,Diario_Campo,Link_Evidencia,Upload_Data,Area,Genero,Idade,Escolaridade,Renda,Tempo_Residencia,Q1_QV,Q2_Saude,Q3_Educ,Q4_RelEmpresa,Q5_Prioridade,Q6_Preocupacao,Obs_Aberta
1,UUID-1001,v2.4,Completa,2026-04-18,11:14,2026-04-14,09:43,42,Santa Aurora,310002,Lagoa,SA02,Polo 1,B5,João,Ana,Lia,-18.9063047601384,-43.7673391066093,24,Sim,Sim,Sim,https://repo/evid/1.jpg,2026-04-10,Urbana,M,19,Fundamental,3200,38,4,1,3,4,Água,Saúde,
2,UUID-1002,v2.4,Completa,2026-04-20,09:05,2026-04-22,09:22,30,Vale Verde,310003,Boa Vista,VV03,Polo 3,B1,Paula,Pedro,Marcos,-18.8751738371468,-43.0777046279718,7,Sim,Sim,Sim,https://repo/evid/2.jpg,2026-04-27,Rural,M,31,Superior,1800,46,2,1,3,3,Saúde,Água,
3,UUID-1003,v2.4,Completa,2026-04-18,15:40,2026-04-21,10:23,30,Santa Aurora,310002,Lagoa,SA02,Polo 2,B6,João,Tiago,Marcos,-18.3519646147534,-43.390868994333,10,Sim,Sim,Sim,https://repo/evid/3.jpg,2026-04-27,Urbana,F,42,Médio,3200,18,3,3,2,2,Saúde,Saúde,
4,UUID-1004,v2.4,Completa,2026-04-12,11:58,2026-04-28,13:13,39,São Miguel do Norte,310007,São José,SM07,Polo 4,B6,João,Carlos,Bruno,-18.8603696804745,-43.2550110179084,22,Sim,Sim,Sim,https://repo/evid/4.jpg,2026-04-18,Rural,M,35,Médio,1800,9,5,1,2,1,Emprego,Água,
5,UUID-1005,v2.4,Completa,2026-04-12,14:24,2026-04-24,16:16,8,São Miguel do Norte,310007,São José,SM07,Polo 1,B6,Paula,Júlia,Marcos,-18.659824526969,-43.7064998713526,10,Sim,Sim,Sim,https://repo/evid/5.jpg,2026-04-24,Urbana,M,56,Superior,1800,33,2,3,3,2,Água,Água,
6,UUID-1006,v2.4,Completa,2026-04-20,15:01,2026-04-13,13:56,27,Rio Claro,310001,Centro,RC01,Polo 2,B1,Marina,Rafaela,Lia,-18.9143465479321,-43.5140095366834,7,Sim,Sim,Sim,https://repo/evid/6.jpg,2026-04-27,Urbana,F,56,Superior,3200,36,3,3,5,2,Emprego,Saúde,
7,UUID-1007,v2.4,Completa,2026-04-21,15:57,2026-04-26,15:07,23,São Miguel do Norte,310007,São José,SM07,Polo 2,B1,João,Ana,Marcos,-18.4460784775755,-43.4115598855897,5,Sim,Sim,Sim,https://repo/evid/7.jpg,2026-04-12,Urbana,F,60,Fundamental,1200,56,4,1,3,3,Educação,Água,
8,UUID-1008,v2.4,Completa,2026-04-28,15:15,2026-04-25,14:12,14,Vale Verde,310003,Boa Vista,VV03,Polo 1,B6,João,Júlia,Bruno,-18.5888977239503,-43.1361632516304,6,Sim,Sim,Sim,https://repo/evid/8.jpg,2026-04-13,Urbana,M,64,Superior,2500,52,2,2,3,2,Educação,Água,
9,UUID-1009,v2.4,Completa,2026-04-18,15:15,2026-04-12,15:51,14,São Miguel do Norte,310007,São José,SM07,Polo 1,B6,Paula,Ana,Lia,-18.0736330169919,-43.1513042655857,10,Sim,Sim,Sim,https://repo/evid/9.jpg,2026-04-23,Rural,M,29,Fundamental,3200,58,2,2,5,1,Educação,Saúde,
10,UUID-1010,v2.4,Completa,2026-04-23,16:42,2026-04-25,10:12,26,Pedra Branca,310008,Pedreira,PB08,Polo 2,B1,Paula,Tiago,Marcos,-18.9390424285235,-43.6863951902303,6,Sim,Sim,Sim,https://repo/evid/10.jpg,2026-04-28,Rural,F,36,Fundamental,4500,6,3,1,2,2,Educação,Emprego,
11,UUID-1011,v2.4,Completa,2026-04-11,09:26,2026-04-28,17:33,28,Serra Azul,310004,Barreiro,SZ04,Polo 3,B2,Paula,Tiago,Bruno,-18.7613140473842,-43.6042141532087,25,Sim,Sim,Sim,https://repo/evid/11.jpg,2026-04-19,Rural,M,55,Fundamental,1200,30,2,1,3,5,Água,Água,
12,UUID-1012,v2.4,Completa,2026-04-12,11:23,2026-04-19,10:28,42,Lagoa Nova,310006,Córrego,LN06,Polo 3,B5,Paula,Rafaela,Lia,-18.3321367962874,-43.4453977175103,8,Sim,Sim,Sim,https://repo/evid/12.jpg,2026-04-14,Rural,F,74,Fundamental,4500,10,4,3,3,3,Emprego,Saúde,
13,UUID-1013,v2.4,Completa,2026-04-11,09:40,2026-04-23,12:02,8,Pedra Branca,310008,Pedreira,PB08,Polo 3,B2,Paula,Júlia,Lia,-18.2587690916521,-43.4483195788736,18,Sim,Sim,Sim,https://repo/evid/13.jpg,2026-04-27,Urbana,F,34,Fundamental,1800,35,2,3,3,4,Emprego,Emprego,
14,UUID-1014,v2.4,Completa,2026-04-11,13:13,2026-04-17,09:22,34,Rio claro,310005,Santa Rita,BE05,Polo 2,B2,Marina,Carlos,Bruno,-18.9752136381018,-43.2634355282449,15,Sim,Sim,Sim,https://repo/evid/14.jpg,2026-04-23,Urbana,M,41,Fundamental,1200,25,2,4,3,2,Educação,Saúde,
15,UUID-1015,v2.4,Completa,2026-04-17,11:01,2026-04-16,14:21,25,RIO CLARO,310005,Santa Rita,BE05,Polo 1,B3,João,Tiago,Marcos,-18.6003216156399,-43.0188503128017,22,Sim,Sim,Sim,https://repo/evid/15.jpg,2026-04-20,Urbana,F,70,Médio,1800,38,4,1,2,5,Educação,Saúde,
16,UUID-1016,v2.4,Completa,2026-04-26,09:24,2026-04-28,11:16,10,Sta Aurora,310006,Córrego,LN06,Polo 4,B1,Paula,Rafaela,Marcos,-18.2805700008552,-43.2580499221605,11,Sim,Sim,Sim,https://repo/evid/16.jpg,2026-04-21,Rural,F,45,Superior,2500,40,4,1,4,5,Água,Transporte,
17,UUID-1017,v2.4,Completa,2026-04-19,16:08,2026-04-16,14:42,32,Lagoa Nova,310006,Córrego,LN06,Polo 2,B5,Paula,Júlia,Bruno,-18.4520627868643,-43.9995940603027,14,Sim,Sim,Sim,https://repo/evid/17.jpg,2026-04-16,Rural,M,43,Médio,3200,29,3,5,5,2,Saúde,Saúde,
18,UUID-1018,v2.4,Completa,2026-04-17,12:14,2026-04-16,10:01,10,Lagoa Nova,310006,Córrego,LN06,Polo 2,B4,Paula,Ana,Bruno,-18.5855589890023,-43.3702346192623,11,Sim,Sim,Sim,https://repo/evid/18.jpg,2026-04-22,Rural,M,23,Fundamental,1800,42,2,1,5,2,Emprego,Transporte,
19,UUID-1019,v2.4,Completa,2026-04-17,09:29,2026-04-14,15:42,41,Rio Claro,310001,Centro,RC01,Polo 3,B4,Paula,Tiago,Marcos,-18.5732592431413,-43.0931452695439,19,Sim,Sim,Sim,https://repo/evid/19.jpg,2026-04-15,Rural,M,53,Médio,1800,54,4,5,5,2,Água,Transporte,
20,UUID-1020,v2.4,Completa,2026-04-19,11:17,2026-04-20,13:57,42,Santa Aurora,310002,Lagoa,SA02,Polo 1,B2,Marina,Carlos,Bruno,-18.306050187701,-43.2935808583055,7,Sim,Sim,Sim,https://repo/evid/20.jpg,2026-04-23,Rural,M,63,Superior,3200,27,2,2,5,4,Saúde,Transporte,
21,UUID-1021,v2.4,Completa,2026-04-21,12:48,2026-04-22,14:34,42,Pedra Branca,310008,Pedreira,PB08,Polo 2,B4,Marina,Júlia,Bruno,-18.5143580062015,-43.6111427967539,17,Sim,Sim,Sim,https://repo/evid/21.jpg,2026-04-15,Rural,F,18,Superior,4500,2,5,5,2,1,Educação,Água,
22,UUID-1022,v2.4,Completa,2026-04-11,12:24,2026-04-20,11:29,28,Pedra Branca,310008,Pedreira,PB08,Polo 3,B4,João,Pedro,Bruno,-18.1650890850879,-43.529693163787,22,Sim,Sim,Sim,https://repo/evid/22.jpg,2026-04-11,Rural,F,29,Superior,1200,50,2,1,3,2,Saúde,Água,
23,UUID-1023,v2.4,Completa,2026-04-25,09:36,2026-04-16,15:44,24,Serra Azul,310004,Barreiro,SZ04,Polo 3,B2,Paula,Rafaela,Marcos,-18.281642771404,-43.2222081138246,10,Sim,Sim,Sim,https://repo/evid/23.jpg,2026-04-19,Urbana,F,26,Médio,4500,44,5,4,3,1,Emprego,Emprego,
24,UUID-1024,v2.4,Completa,2026-04-13,08:22,2026-04-27,14:42,31,Boa Esperança,310005,Santa Rita,BE05,Polo 1,B5,Paula,Júlia,Lia,-18.1504243730004,-43.1776690819099,8,Sim,Sim,Sim,https://repo/evid/24.jpg,2026-04-23,Rural,M,72,Superior,1800,28,3,5,4,5,Educação,Transporte,
25,UUID-1025,v2.4,Completa,2026-04-28,12:20,2026-04-17,09:17,36,São Miguel do Norte,310007,São José,SM07,Polo 2,B4,Paula,Rafaela,Marcos,-18.6210106958717,-43.9713000022299,15,Sim,Sim,Sim,https://repo/evid/25.jpg,2026-04-15,Rural,F,70,Médio,2500,22,4,5,4,5,Saúde,Água,
26,UUID-1026,v2.4,Completa,2026-04-23,15:35,2026-04-17,15:41,39,Santa Aurora,310002,Lagoa,SA02,Polo 4,B1,Marina,Júlia,Lia,-18.5955988713221,-43.7566948361232,23,Sim,Sim,Sim,https://repo/evid/26.jpg,2026-04-21,Rural,M,33,Médio,4500,22,4,4,4,3,Água,Água,
27,UUID-1027,v2.4,Completa,2026-04-16,13:07,2026-04-27,10:12,21,Santa Aurora,310002,Lagoa,SA02,Polo 4,B3,Paula,Rafaela,Marcos,-18.4032092594877,-43.0194893695375,11,Sim,Sim,Sim,https://repo/evid/27.jpg,2026-04-19,Urbana,M,64,Fundamental,2500,1,3,3,2,1,Água,Água,
28,UUID-1028,v2.4,Completa,2026-04-10,12:30,2026-04-25,15:21,19,Pedra Branca,310008,Pedreira,PB08,Polo 1,B3,João,Ana,Lia,-18.5992925577481,-43.9259178297444,25,Sim,Sim,Sim,https://repo/evid/28.jpg,2026-04-11,Urbana,F,24,Superior,2500,6,3,1,5,5,Emprego,Transporte,
29,UUID-1029,v2.4,Completa,2026-04-24,12:55,2026-04-28,14:19,11,Pedra Branca,999999,Pedreira,PB08,Polo 1,B2,Paula,Carlos,Bruno,-18.339571862808,-43.8429429066191,10,Sim,Sim,Sim,https://repo/evid/29.jpg,2026-04-27,Urbana,F,76,Fundamental,3200,29,5,3,2,2,Água,Saúde,
30,UUID-1030,v2.4,Completa,2026-04-17,12:50,2026-04-28,11:27,15,Pedra Branca,310008,,PB08,Polo 2,B6,Marina,Júlia,Lia,-18.9285901631442,-43.8340772107793,14,Sim,Sim,Sim,https://repo/evid/30.jpg,2026-04-29,Rural,M,22,Fundamental,3200,45,4,4,4,5,Educação,Transporte,
31,UUID-1031,v2.4,Completa,2026-04-11,14:47,2026-04-20,17:16,9,Santa Aurora,310002,Lagoa,SA02,Polo 1,B2,Paula,Rafaela,Marcos,-18.0492137221937,-43.0004275831226,13,Sim,Sim,Sim,https://repo/evid/31.jpg,2026-04-28,Urbana,F,56,Médio,4500,42,5,3,3,5,Educação,Transporte,
32,UUID-1032,v2.4,Completa,2026-04-21,14:21,2026-04-20,09:54,18,Santa Aurora,310002,Lagoa,SA02,Polo 3,B4,Paula,Pedro,Bruno,-18.3374164630086,-43.5995477451863,22,Sim,Sim,Sim,https://repo/evid/32.jpg,2026-04-11,Rural,F,48,Médio,2500,21,2,4,2,5,Educação,Transporte,
33,UUID-1033,v2.4,Completa,2026-04-26,13:39,2026-04-25,15:48,11,Rio Claro,310001,Centro,RC01,Polo 2,B3,Paula,Carlos,Bruno,-18.5618839049276,-43.3017499708778,8,Sim,Sim,Sim,https://repo/evid/33.jpg,2026-04-10,Urbana,F,30,Médio,4500,1,5,1,3,1,Educação,Emprego,
34,UUID-1034,v2.4,Completa,2026-04-19,16:45,2026-04-18,14:53,38,Vale Verde,310003,Boa Vista,VV03,Polo 4,B2,João,Rafaela,Lia,-18.6164139867529,-43.0781318500684,21,Sim,Sim,Sim,https://repo/evid/34.jpg,2026-04-14,Urbana,M,49,Médio,2500,60,4,1,4,3,Educação,Água,
35,UUID-1035,v2.4,Completa,2026-04-25,13:21,2026-04-27,16:24,37,Pedra Branca,310008,Pedreira,PB08,Polo 3,B2,Paula,Carlos,Marcos,-18.6170291510704,-43.1439870240126,18,Sim,Sim,Sim,https://repo/evid/35.jpg,2026-04-11,Rural,M,52,Superior,3200,25,3,4,2,2,Água,Emprego,
36,UUID-1036,v2.4,Completa,2026-04-26,15:00,2026-04-14,14:55,17,Pedra Branca,310008,Pedreira,PB08,Polo 1,B4,João,Júlia,Marcos,-18.3072954014131,-43.3501633474207,15,Sim,Sim,Sim,https://repo/evid/36.jpg,2026-04-27,Rural,M,24,Superior,3200,56,2,5,2,2,Água,Água,
37,UUID-1037,v2.4,Completa,2026-04-13,09:28,2026-04-15,12:57,9,Santa Aurora,310002,Lagoa,SA02,Polo 1,B3,Marina,Júlia,Bruno,-18.6251589102247,-43.8544302043006,21,Sim,Sim,Sim,https://repo/evid/37.jpg,2026-04-23,Urbana,F,45,Fundamental,1200,40,5,5,3,4,Emprego,Água,
38,UUID-1038,v2.4,Completa,2026-04-18,15:16,2026-04-10,15:57,26,Pedra Branca,310008,Pedreira,PB08,Polo 2,B1,João,Júlia,Marcos,-18.7008457508762,-43.0379709271766,13,Sim,Sim,Sim,https://repo/evid/38.jpg,2026-04-24,Rural,F,58,Médio,3200,7,3,4,4,5,Água,Saúde,
39,UUID-1038,v2.4,Completa,2026-04-18,15:16,2026-04-10,15:57,26,Pedra Branca,310008,Pedreira,PB08,Polo 2,B1,João,Júlia,Marcos,-18.7008457508762,-43.0379709271766,13,Sim,Sim,Sim,https://repo/evid/38.jpg,2026-04-24,Rural,F,58,Médio,3200,7,3,4,4,5,Água,Saúde,
40,UUID-1040,v2.4,Completa,2026-04-14,16:56,2026-04-21,16:32,25,Vale Verde,310003,Boa Vista,VV03,Polo 2,B3,João,Júlia,Marcos,-18.129603040675,-43.1957674613955,19,Sim,Sim,Sim,https://repo/evid/40.jpg,2026-04-12,Urbana,F,30,Superior,3200,55,4,1,5,1,Água,Emprego,
41,UUID-1041,v2.4,Completa,2026-04-18,14:52,2026-04-21,09:43,22,Pedra Branca,310008,Pedreira,PB08,Polo 4,B1,Paula,Rafaela,Bruno,-18.0847440912568,-43.778632799926,7,Sim,Sim,Sim,https://repo/evid/41.jpg,2026-04-24,Rural,M,41,Fundamental,1800,3,2,3,5,1,Saúde,Água,
42,UUID-1042,v2.4,Completa,2026-04-24,13:42,2026-04-27,14:37,17,Vale Verde,310003,Boa Vista,VV03,Polo 4,B6,Marina,Pedro,Marcos,-18.5918841143023,-43.0484784746189,6,Sim,Sim,Sim,https://repo/evid/42.jpg,2026-04-21,Urbana,M,42,Médio,1800,55,4,1,4,5,Água,Emprego,
43,UUID-1043,v2.4,Completa,2026-04-16,09:54,2026-04-24,09:42,21,São Miguel do Norte,310007,São José,SM07,Polo 1,B1,João,Carlos,Lia,-18.2130219000237,-43.7947944248571,22,Sim,Sim,Sim,https://repo/evid/43.jpg,2026-04-16,Urbana,F,35,Médio,1800,51,2,3,3,2,Água,Água,
44,UUID-1044,v2.4,Completa,2026-04-10,10:00,2026-04-21,11:37,28,Santa Aurora,310002,Lagoa,SA02,Polo 1,B2,João,Ana,Lia,-18.2582819430459,-43.4739144734021,7,Sim,Sim,Sim,https://repo/evid/44.jpg,2026-04-25,Rural,M,60,Superior,4500,7,5,5,3,5,Saúde,Saúde,
45,UUID-1045,v2.4,Completa,2026-04-10,08:30,2026-04-22,14:43,14,Pedra Branca,310008,Pedreira,PB08,Polo 4,B6,João,Ana,Lia,-18.6778881802537,-43.8516661743396,9,Sim,Sim,Sim,https://repo/evid/45.jpg,2026-04-18,Rural,M,59,Superior,4500,19,5,5,5,1,Saúde,Água,
46,UUID-1046,v2.4,Completa,2026-04-17,14:21,2026-04-24,14:26,14,São Miguel do Norte,310007,São José,SM07,Polo 3,B4,João,Tiago,Bruno,-18.6256989765645,-43.8473610752313,20,Sim,Sim,Sim,https://repo/evid/46.jpg,2026-04-12,Urbana,F,46,Fundamental,3200,7,4,2,2,5,Água,Emprego,
47,UUID-1047,v2.4,Completa,2026-04-23,08:18,2026-04-19,13:06,40,São Miguel do Norte,310007,São José,SM07,Polo 2,B2,Paula,Pedro,Lia,-18.1527251518651,-43.6498860057788,22,Sim,Sim,Sim,https://repo/evid/47.jpg,2026-04-21,Urbana,M,40,Superior,1800,52,5,5,2,5,Água,Emprego,
48,UUID-1048,v2.4,Completa,2026-04-19,13:22,2026-04-10,10:55,17,Vale Verde,310003,Boa Vista,VV03,Polo 4,B1,Marina,Tiago,Marcos,-18.028189681242,-43.9082423169456,21,Sim,Sim,Sim,https://repo/evid/48.jpg,2026-04-16,Rural,M,35,Médio,2500,11,4,3,4,5,Saúde,Emprego,
49,UUID-1049,v2.4,Completa,2026-04-11,09:17,2026-04-24,14:31,36,Vale Verde,310003,Boa Vista,VV03,Polo 4,B3,Marina,Rafaela,Lia,-18.6548271445191,-43.8891102277991,23,Sim,Sim,Sim,https://repo/evid/49.jpg,2026-04-25,Rural,F,-4,Fundamental,3200,39,2,1,3,3,Emprego,Água,
50,UUID-1050,v2.4,Completa,2026-04-20,09:00,2026-04-25,14:11,16,Boa Esperança,310005,Santa Rita,BE05,Polo 4,B5,Paula,Carlos,Marcos,-18.4412764323253,-43.3319518282548,16,Sim,Sim,Sim,https://repo/evid/50.jpg,2026-04-12,Rural,F,132,Médio,1200,30,2,3,5,5,Educação,Transporte,
51,UUID-1051,v2.4,Completa,2026-04-22,08:20,2026-04-15,17:29,31,Boa Esperança,310005,Santa Rita,BE05,Polo 1,B4,Marina,Carlos,Bruno,-18.4111287116971,-43.4760374569994,17,Sim,Sim,Sim,https://repo/evid/51.jpg,2026-04-19,Rural,F,15,Superior,1800,5,2,5,3,3,Água,Água,
52,UUID-1052,v2.4,Completa,2026-04-14,12:12,2026-04-15,17:09,12,Serra Azul,310004,Barreiro,SZ04,Polo 2,B6,João,Pedro,Marcos,-18.2401228503923,-43.5510947430049,23,Sim,Sim,Sim,https://repo/evid/52.jpg,2026-04-29,Rural,M,24,Fundamental,3200,5,5,4,4,3,Saúde,Saúde,
53,UUID-1053,v2.4,Completa,2026-04-24,15:02,2026-04-11,13:53,26,Santa Aurora,310002,Lagoa,SA02,Polo 1,B6,Marina,Rafaela,Marcos,-18.4929321826661,-43.5372883410727,22,Sim,Sim,Sim,https://repo/evid/53.jpg,2026-04-11,Rural,F,37,Médio,4500,31,3,1,5,1,Água,Emprego,
54,UUID-1054,v2.4,Completa,2026-04-17,15:28,2026-04-26,16:39,18,Vale Verde,310003,Boa Vista,VV03,Polo 3,B3,João,Pedro,Bruno,-18.2255352114263,-43.3211022794404,6,Sim,Sim,Sim,https://repo/evid/54.jpg,2026-04-20,Urbana,M,20,Fundamental,4500,44,5,3,4,5,Emprego,Saúde,
55,UUID-1055,v2.4,Completa,2026-04-14,13:19,2026-04-22,10:38,13,Santa Aurora,310002,Lagoa,SA02,Polo 3,B5,João,Tiago,Bruno,-18.1868152161852,-43.3298836000053,21,Sim,Sim,Sim,https://repo/evid/55.jpg,2026-04-12,Rural,M,55,Fundamental,2500,20,3,2,4,4,Emprego,Água,
56,UUID-1056,v2.4,Completa,2026-04-12,12:54,2026-04-13,16:49,42,Vale Verde,310003,Boa Vista,VV03,Polo 1,B6,João,Rafaela,Lia,-18.4027535589284,-43.8457472386789,10,Sim,Sim,Sim,https://repo/evid/56.jpg,2026-04-29,Urbana,M,27,Fundamental,3200,24,3,4,4,4,Emprego,Água,
57,UUID-1057,v2.4,Completa,2026-04-25,11:23,2026-04-28,15:29,26,Boa Esperança,310005,Santa Rita,BE05,Polo 4,B5,Paula,Pedro,Lia,-18.1831087604188,-43.1987407758485,9,Sim,Sim,Sim,https://repo/evid/57.jpg,2026-04-18,Urbana,M,69,Médio,4500,60,2,5,2,3,Saúde,Água,
58,UUID-1058,v2.4,Completa,2026-04-26,10:53,2026-04-23,09:58,22,Boa Esperança,310005,Santa Rita,BE05,Polo 4,B3,Marina,Pedro,Lia,-18.6035460345298,-43.626038512321,17,Sim,Sim,Sim,https://repo/evid/58.jpg,2026-04-12,Rural,F,46,Fundamental,2500,60,2,3,3,2,Saúde,Saúde,
59,UUID-1059,v2.4,Completa,2026-04-14,15:28,2026-04-10,09:01,24,Pedra Branca,310008,Pedreira,PB08,Polo 2,B2,Paula,Tiago,Marcos,91.234,-200.3,14,Sim,Sim,Sim,https://repo/evid/59.jpg,2026-04-17,Rural,F,62,Fundamental,1800,27,5,1,2,4,Saúde,Água,
60,UUID-1060,v2.4,Completa,2026-04-23,08:39,2026-04-21,11:36,34,Vale Verde,310003,Boa Vista,VV03,Polo 2,B6,Paula,Ana,Marcos,-18.0253455090478,-43.9323206770912,450,Sim,Sim,Sim,https://repo/evid/60.jpg,2026-04-27,Urbana,M,36,Médio,1200,41,5,3,4,1,Água,Emprego,
61,UUID-1061,v2.4,Completa,2026-04-13,13:08,2026-04-11,13:34,29,Lagoa Nova,310006,Córrego,LN06,Polo 2,B6,João,Tiago,Bruno,-18.3682641522417,-43.1885023181524,7,Sim,Sim,Sim,https://repo/evid/61.jpg,2026-04-24,Urbana,M,33,Fundamental,1200,51,3,1,4,3,Educação,Transporte,
62,UUID-1062,v2.4,Completa,2026-04-16,12:22,2026-04-11,13:17,15,Boa Esperança,310005,Santa Rita,BE05,Polo 3,B4,João,Tiago,Bruno,-18.105362505045,-43.6133552317393,10,Sim,Sim,Sim,https://repo/evid/62.jpg,2026-04-25,Rural,M,20,Superior,2500,52,2,4,2,4,Emprego,Saúde,
63,UUID-1063,v2.4,Completa,2026-04-12,13:42,2026-04-19,12:28,35,Lagoa Nova,310006,Córrego,LN06,Polo 2,B6,João,Júlia,Bruno,-18.9576448371499,-43.1299628249436,16,Sim,Sim,Sim,https://repo/evid/63.jpg,2026-04-29,Rural,M,24,Superior,1200,5,5,3,3,1,Emprego,Transporte,
64,UUID-1064,v2.4,Completa,2026-04-12,11:49,2026-04-21,13:24,10,Rio Claro,310001,Centro,RC01,Polo 2,B6,João,Júlia,Bruno,-18.5560607108244,-43.9231145711696,9,Sim,Sim,Sim,https://repo/evid/64.jpg,2026-04-26,Rural,M,26,Médio,2500,16,2,1,3,4,Educação,Emprego,
65,UUID-1065,v2.4,Completa,2026-04-18,15:13,2026-04-19,15:12,15,Boa Esperança,310005,Santa Rita,BE05,Polo 2,B1,João,Carlos,Marcos,-18.5548888072575,-43.9122092588953,15,Sim,Sim,Sim,https://repo/evid/65.jpg,2026-04-21,Urbana,M,67,Médio,1800,46,3,3,3,1,Emprego,Água,
66,UUID-1066,v2.4,Completa,2026-04-25,08:23,2026-04-27,17:23,37,Serra Azul,310004,Barreiro,SZ04,Polo 2,B5,Marina,Ana,Bruno,-18.6018400192291,-43.2830664014901,20,Sim,Sim,Sim,https://repo/evid/66.jpg,2026-04-26,Rural,M,68,Superior,1200,9,4,1,5,4,Água,Água,
67,UUID-1067,v2.4,Completa,2026-04-14,14:32,2026-04-11,09:33,17,Vale Verde,310003,Boa Vista,VV03,Polo 3,B2,Marina,Júlia,Marcos,-18.7745297152845,-43.0525168631904,21,Sim,Sim,Sim,https://repo/evid/67.jpg,2026-04-19,Urbana,M,67,Fundamental,4500,18,3,3,2,5,Emprego,Água,
68,UUID-1068,v2.4,Completa,2026-04-20,08:52,2026-04-10,09:02,24,Vale Verde,310003,Boa Vista,VV03,Polo 2,B5,João,Rafaela,Marcos,-18.9697141014186,-43.1110031185511,22,Sim,Sim,Sim,https://repo/evid/68.jpg,2026-04-19,Rural,M,60,Fundamental,3200,20,5,1,2,2,Educação,Transporte,
69,UUID-1069,v2.4,Completa,2026-04-16,13:38,2026-04-14,13:55,28,Pedra Branca,310008,Pedreira,PB08,Polo 3,B4,Marina,Júlia,Marcos,-18.4383487842516,-43.6808841135968,19,Sim,Não,Sim,https://repo/evid/69.jpg,2026-04-13,Rural,M,47,Fundamental,1800,7,2,3,5,5,Educação,Água,
70,UUID-1070,v2.4,Completa,2026-04-20,13:12,2026-04-15,15:32,37,Vale Verde,310003,Boa Vista,VV03,Polo 4,B3,João,Ana,Lia,-18.0547671959308,-43.4945555369762,12,Não,Sim,Sim,https://repo/evid/70.jpg,2026-04-16,Rural,F,70,Fundamental,2500,32,5,3,2,1,Educação,Água,
71,UUID-1071,v2.4,Completa,2026-04-21,14:23,2026-04-11,14:03,20,Boa Esperança,310005,Santa Rita,BE05,Polo 3,B5,João,Ana,Bruno,-18.4957444708768,-43.2355958852928,13,Sim,Sim,Sim,erro://arquivo,2026-04-29,Urbana,F,64,Fundamental,3200,24,4,5,4,2,Emprego,Transporte,
72,UUID-1072,v2.4,Completa,2026-04-11,10:45,2026-04-20,15:33,37,Rio Claro,310001,Centro,RC01,Polo 2,B5,Paula,Carlos,Bruno,-18.06863126447,-43.6814699682407,17,Sim,Sim,Sim,https://repo/evid/72.jpg,2026-03-01,Rural,M,20,Superior,4500,35,5,5,4,4,Saúde,Saúde,
73,UUID-1073,v2.4,Completa,2026-04-13,14:37,2026-04-19,08:38,38,Lagoa Nova,310006,Córrego,LN06,Polo 3,B6,Paula,Rafaela,Lia,-18.2785998877037,-43.4164767229524,10,Sim,Sim,Sim,https://repo/evid/73.jpg,2026-04-26,Rural,F,61,Superior,1800,3,2,2,2,4,Água,Transporte,
74,UUID-1074,v2.4,Completa,2026-04-16,14:32,2026-04-25,08:45,16,Vale Verde,310003,Boa Vista,VV03,Polo 2,B5,João,Tiago,Bruno,-18.4745228486,-43.6862474012622,10,Sim,Sim,Sim,https://repo/evid/74.jpg,2026-04-24,Rural,M,44,Superior,2500,40,5,2,3,3,Água,Água,
75,UUID-1075,v2.4,Completa,2026-04-19,11:44,2026-04-25,13:30,30,Boa Esperança,310005,Santa Rita,BE05,Polo 3,B3,Marina,Rafaela,Marcos,-18.4568091230117,-43.1042395384598,17,Sim,Sim,Sim,https://repo/evid/75.jpg,2026-04-21,Urbana,M,67,Fundamental,2500,46,2,3,5,3,Educação,Água,
76,UUID-1076,v2.4,Completa,2026-04-27,12:59,2026-04-27,12:08,14,Serra Azul,310004,Barreiro,SZ04,Polo 2,B2,Marina,Tiago,Marcos,-18.7743283537183,-43.7671634401941,8,Sim,Sim,Sim,https://repo/evid/76.jpg,2026-04-23,Rural,M,70,Fundamental,1800,1,3,4,5,4,Emprego,Saúde,
77,UUID-1077,v2.4,Completa,2026-04-11,09:41,2026-04-28,11:34,10,Lagoa Nova,310006,Córrego,LN06,Polo 2,B4,Marina,Ana,Bruno,-18.2120393701242,-43.8136883680775,14,Sim,Sim,Sim,https://repo/evid/77.jpg,2026-04-11,Urbana,M,36,Superior,4500,7,4,3,5,5,Educação,Água,
78,UUID-1078,v2.4,Completa,2026-04-16,09:21,2026-04-15,15:41,24,Pedra Branca,310008,Pedreira,PB08,Polo 2,B1,Paula,Júlia,Bruno,-18.4322187775791,-43.2427172497424,10,Sim,Sim,Sim,https://repo/evid/78.jpg,2026-04-29,Rural,M,35,Superior,2500,6,5,1,3,2,Educação,Saúde,
79,UUID-1079,v2.4,Completa,2026-04-18,14:15,2026-04-24,12:21,27,Serra Azul,310004,Barreiro,SZ04,Polo 1,B3,Paula,Júlia,Marcos,-18.763697422578,-43.3322138852013,19,Sim,Sim,Sim,https://repo/evid/79.jpg,2026-04-19,Urbana,M,18,Superior,4500,60,4,1,4,3,Emprego,Água,
80,UUID-1080,v2.4,Completa,2026-04-14,15:47,2026-04-21,14:44,38,Vale Verde,310003,Boa Vista,VV03,Polo 2,B2,Paula,Rafaela,Lia,-18.4744933437798,-43.4718268759268,16,Sim,Sim,Sim,https://repo/evid/80.jpg,2026-04-12,Urbana,F,48,Superior,4500,13,3,2,4,5,Educação,Emprego,
81,UUID-1081,v2.4,Completa,2026-04-28,15:05,2026-04-26,15:51,11,Serra Azul,310004,Barreiro,SZ04,Polo 4,B2,Paula,Pedro,Bruno,-18.4360888149013,-43.4412028010012,14,Sim,Sim,Sim,https://repo/evid/81.jpg,2026-04-10,Rural,M,63,Fundamental,1800,38,2,1,5,3,Saúde,Emprego,
82,UUID-1082,v2.4,Completa,2026-04-25,08:18,2026-04-23,10:49,16,Santa Aurora,310002,Lagoa,SA02,Polo 4,B3,João,Pedro,Bruno,-18.624354466198,-43.3172696458985,22,Sim,Sim,Sim,https://repo/evid/82.jpg,2026-04-14,Rural,F,77,Fundamental,4500,26,3,2,2,1,Água,Transporte,
83,UUID-1083,v2.4,Completa,2026-04-22,11:15,2026-04-24,13:09,25,São Miguel do Norte,310007,São José,SM07,Polo 2,B6,Marina,Ana,Marcos,-18.5807594015083,-43.2339465324861,5,Sim,Sim,Sim,https://repo/evid/83.jpg,2026-04-17,Urbana,F,52,Fundamental,4500,3,5,5,2,2,Saúde,Transporte,
84,UUID-1084,v2.4,Completa,2026-04-27,11:48,2026-04-11,10:32,26,Pedra Branca,310008,Pedreira,PB08,Polo 2,B6,Paula,Júlia,Marcos,-18.4020823257227,-43.3274680985631,15,Sim,Sim,Sim,https://repo/evid/84.jpg,2026-04-17,Rural,F,32,Superior,4500,15,5,3,4,1,Emprego,Transporte,
85,UUID-1085,v2.4,Completa,2026-04-21,14:50,2026-04-26,13:44,34,Pedra Branca,310008,Pedreira,PB08,Polo 4,B2,João,Pedro,Lia,-18.2455839027619,-43.5264811795878,12,Sim,Sim,Sim,https://repo/evid/85.jpg,2026-04-19,Urbana,M,21,Fundamental,4500,27,5,5,3,4,Emprego,Saúde,
86,UUID-1086,v2.4,Completa,2026-04-12,15:54,2026-04-21,09:34,20,Serra Azul,310004,Barreiro,SZ04,Polo 1,B3,João,Tiago,Marcos,-18.3970779550109,-43.1263795415105,11,Sim,Sim,Sim,https://repo/evid/86.jpg,2026-04-28,Urbana,M,39,Fundamental,2500,20,2,2,3,1,Educação,Água,
87,UUID-1087,v2.4,Completa,2026-04-17,16:20,2026-04-19,14:29,42,Serra Azul,310004,Barreiro,SZ04,Polo 3,B3,João,Júlia,Marcos,-18.117188047638,-43.5339959330961,20,Sim,Sim,Sim,https://repo/evid/87.jpg,2026-04-20,Urbana,M,43,Médio,3200,3,3,2,2,3,Educação,Saúde,
88,UUID-1088,v2.4,Completa,2026-04-20,11:24,2026-04-28,11:31,29,Vale Verde,310003,Boa Vista,VV03,Polo 3,B4,Paula,Tiago,Marcos,-18.5094044174192,-43.8317663540485,16,Sim,Sim,Sim,https://repo/evid/88.jpg,2026-04-15,Urbana,M,30,Fundamental,4500,42,2,5,2,1,Saúde,Emprego,
89,UUID-1089,v2.4,Completa,2026-04-17,09:45,2026-04-14,08:13,40,São Miguel do Norte,310007,São José,SM07,Polo 4,B3,Marina,Rafaela,Marcos,-18.3332452704467,-43.3834806389157,20,Sim,Sim,Sim,https://repo/evid/89.jpg,2026-04-25,Urbana,F,26,Superior,4500,27,2,1,4,5,Água,Emprego,
90,UUID-1090,v2.4,Completa,2026-04-15,09:58,2026-04-13,16:09,23,São Miguel do Norte,310007,São José,SM07,Polo 2,B5,Paula,Júlia,Bruno,-18.7326752633234,-43.6031035775019,16,Sim,Sim,Sim,https://repo/evid/90.jpg,2026-04-22,Rural,F,69,Superior,1800,20,2,1,2,4,Educação,Transporte,
91,UUID-1091,v2.4,Completa,2026-04-10,10:05,2026-04-25,14:41,29,Pedra Branca,310008,Pedreira,PB08,Polo 1,B5,Marina,Carlos,Lia,-18.0987270409754,-43.3077122875485,23,Sim,Sim,Sim,https://repo/evid/91.jpg,2026-04-25,Rural,F,21,Fundamental,2500,58,2,2,4,1,Emprego,Água,
92,UUID-1092,v2.4,Completa,2026-04-12,12:10,2026-04-28,11:36,32,São Miguel do Norte,310007,São José,SM07,Polo 3,B4,Paula,Carlos,Marcos,-18.2758364299057,-43.4992071483623,16,Sim,Sim,Sim,https://repo/evid/92.jpg,2026-04-11,Urbana,M,77,Fundamental,1200,22,5,3,2,3,Educação,Transporte,
93,UUID-1093,v2.4,Completa,2026-04-27,14:27,2026-04-15,17:42,32,Serra Azul,310004,Barreiro,SZ04,Polo 1,B5,João,Carlos,Marcos,-18.9264933162776,-43.7320279691054,17,Sim,Sim,Sim,https://repo/evid/93.jpg,2026-04-14,Rural,M,40,Médio,1200,6,2,3,5,3,Água,Emprego,
94,UUID-1094,v2.4,Completa,2026-04-15,14:28,2026-04-27,16:32,34,Vale Verde,310003,Boa Vista,VV03,Polo 1,B1,Marina,Júlia,Marcos,-18.9069357395401,-43.4019562022057,15,Sim,Sim,Sim,https://repo/evid/94.jpg,2026-04-22,Urbana,M,23,Médio,3200,50,2,5,3,5,Emprego,Transporte,
95,UUID-1095,v2.4,Completa,2026-04-18,12:17,2026-04-25,10:04,18,Vale Verde,310003,Boa Vista,VV03,Polo 4,B3,João,Júlia,Bruno,-18.2173333758345,-43.6388750877105,12,Sim,Sim,Sim,https://repo/evid/95.jpg,2026-04-25,Urbana,M,26,Fundamental,1800,20,2,4,4,5,Educação,Saúde,
96,UUID-1096,v2.4,Completa,2026-04-23,10:19,2026-04-20,17:44,20,Pedra Branca,310008,Pedreira,PB08,Polo 4,B3,Marina,Pedro,Bruno,-18.70855184842,-43.3050422323279,20,Sim,Sim,Sim,https://repo/evid/96.jpg,2026-04-28,Urbana,M,39,Médio,2500,53,5,3,2,5,Emprego,Água,
97,UUID-1097,v2.4,Completa,2026-04-24,11:28,2026-04-19,09:52,34,Rio Claro,310001,Centro,RC01,Polo 4,B2,Paula,Júlia,Lia,-18.7473183150689,-43.8458567655441,18,Sim,Sim,Sim,https://repo/evid/97.jpg,2026-04-22,Urbana,M,78,Superior,3200,38,5,5,5,5,Saúde,Saúde,
98,UUID-1098,v2.4,Completa,2026-04-17,13:10,2026-04-11,17:41,33,Santa Aurora,310002,Lagoa,SA02,Polo 3,B4,Marina,Ana,Lia,-18.7412616295963,-43.489323759475,21,Sim,Sim,Sim,https://repo/evid/98.jpg,2026-04-27,Urbana,M,24,Médio,3200,30,3,3,2,4,Saúde,Saúde,
99,UUID-1099,v2.3,Completa,2026-04-12,09:53,2026-04-14,13:19,29,São Miguel do Norte,310007,São José,SM07,Polo 4,B2,Paula,Pedro,Bruno,-18.5238374687908,-43.561834061727,19,Sim,Sim,Sim,https://repo/evid/99.jpg,2026-04-20,Urbana,M,76,Fundamental,1200,2,4,1,3,2,Emprego,Água,
100,UUID-1100,v2.3,Completa,2026-04-23,15:14,2026-04-22,10:11,35,Lagoa Nova,310006,Córrego,LN06,Polo 4,B1,Paula,Rafaela,Lia,-18.5504249886259,-43.5704471588967,5,Sim,Sim,Sim,https://repo/evid/100.jpg,2026-04-16,Urbana,M,53,Superior,1200,37,2,5,3,3,Água,Água,
101,UUID-1101,v2.3,Completa,2026-04-18,15:33,2026-04-20,17:24,33,Pedra Branca,310008,Pedreira,PB08,Polo 1,B3,João,Pedro,Marcos,-18.8274724869897,-43.3264111376853,14,Sim,Sim,Sim,https://repo/evid/101.jpg,2026-04-29,Urbana,F,25,Médio,1200,16,4,1,3,3,Emprego,Transporte,
102,UUID-1102,v2.3,Completa,2026-04-14,14:27,2026-04-15,15:40,42,São Miguel do Norte,310007,São José,SM07,Polo 2,B5,Marina,Pedro,Bruno,-18.8597034649022,-43.6854199853392,19,Sim,Sim,Sim,https://repo/evid/102.jpg,2026-04-29,Urbana,M,56,Fundamental,3200,9,3,4,5,4,Educação,Transporte,
103,UUID-1103,v2.3,Completa,2026-04-15,09:36,2026-04-10,11:18,10,Pedra Branca,310008,Pedreira,PB08,Polo 3,B2,Paula,Júlia,Lia,-18.21925980257,-43.4343495388141,20,Sim,Sim,Sim,https://repo/evid/103.jpg,2026-04-27,Urbana,F,49,Médio,4500,53,4,5,2,4,Emprego,Transporte,
104,UUID-1104,v2.3,Completa,2026-04-17,12:55,2026-04-11,15:16,30,Santa Aurora,310002,Lagoa,SA02,Polo 1,B4,Marina,Carlos,Lia,-18.1892972831606,-43.4120761030232,16,Sim,Sim,Sim,https://repo/evid/104.jpg,2026-04-29,Rural,F,65,Superior,1800,51,3,2,2,5,Água,Saúde,
105,UUID-1105,v2.3,Completa,2026-04-19,12:36,2026-04-18,16:57,14,Vale Verde,310003,Boa Vista,VV03,Polo 2,B4,Marina,Júlia,Marcos,-18.8731118313862,-43.1339212050089,12,Sim,Sim,Sim,https://repo/evid/105.jpg,2026-04-14,Rural,F,38,Superior,3200,32,3,5,4,4,Educação,Transporte,
106,UUID-1106,v2.3,Completa,2026-04-12,14:32,2026-04-18,13:29,39,Santa Aurora,310002,Lagoa,SA02,Polo 3,B5,Marina,Tiago,Lia,-18.269068062513,-43.5415507433203,16,Sim,Sim,Sim,https://repo/evid/106.jpg,2026-04-12,Rural,F,58,Médio,1800,32,4,3,4,3,Emprego,Transporte,
107,UUID-1107,v2.3,Completa,2026-04-11,08:06,2026-04-24,08:07,18,Lagoa Nova,310006,Córrego,LN06,Polo 4,B4,Marina,Pedro,Lia,-18.0043059312657,-43.0905927856869,25,Sim,Sim,Sim,https://repo/evid/107.jpg,2026-04-19,Urbana,M,75,Fundamental,2500,17,2,3,3,1,Educação,Saúde,
108,UUID-1108,v2.3,Completa,2026-04-12,09:00,2026-04-16,15:04,16,Serra Azul,310004,Barreiro,SZ04,Polo 2,B5,Paula,Pedro,Lia,-18.9919374309808,-43.6564258499659,8,Sim,Sim,Sim,https://repo/evid/108.jpg,2026-04-23,Urbana,M,45,Fundamental,1800,25,2,1,2,3,Água,Saúde,
109,UUID-1109,v2.3,Completa,2026-04-14,10:04,2026-04-26,17:00,18,Vale Verde,310003,Boa Vista,VV03,Polo 4,B3,Paula,Carlos,Marcos,-18.2517311636256,-43.0801058753453,24,Sim,Sim,Sim,https://repo/evid/109.jpg,2026-04-24,Urbana,F,42,Fundamental,1800,49,2,5,5,3,Educação,Saúde,
110,UUID-1110,v2.3,Completa,2026-04-18,09:15,2026-04-27,17:38,26,Vale Verde,310003,Boa Vista,VV03,Polo 1,B6,João,Carlos,Marcos,-18.393073130328,-43.8113534767341,17,Sim,Sim,Sim,https://repo/evid/110.jpg,2026-04-19,Urbana,F,33,Médio,3200,8,3,4,2,5,Saúde,Saúde,
111,UUID-1111,v2.3,Completa,2026-04-22,14:23,2026-04-27,10:48,38,Lagoa Nova,310006,Córrego,LN06,Polo 1,B1,Paula,Ana,Lia,-18.7378147228379,-43.9601731380628,6,Sim,Sim,Sim,https://repo/evid/111.jpg,2026-04-22,Rural,M,26,Médio,3200,6,3,3,2,3,Saúde,Água,
112,UUID-1112,v2.3,Completa,2026-04-20,14:37,2026-04-12,12:44,35,Vale Verde,310003,Boa Vista,VV03,Polo 2,B1,Marina,Ana,Bruno,-18.8840134184556,-43.3877032055793,6,Sim,Sim,Sim,https://repo/evid/112.jpg,2026-04-19,Urbana,F,52,Fundamental,1800,45,2,2,5,3,Água,Água,
113,UUID-1113,v2.3,Completa,2026-04-18,09:49,2026-04-10,13:51,35,Lagoa Nova,310006,Córrego,LN06,Polo 3,B5,Marina,Júlia,Marcos,-18.0249494122218,-43.3724671671013,20,Sim,Sim,Sim,https://repo/evid/113.jpg,2026-04-24,Rural,F,26,Médio,4500,11,4,2,4,1,Saúde,Água,
114,UUID-1114,v2.3,Completa,2026-04-10,11:02,2026-04-25,13:24,17,Rio Claro,310001,Centro,RC01,Polo 2,B1,Paula,Tiago,Marcos,-18.3442967055785,-43.7754846861824,12,Sim,Sim,Sim,https://repo/evid/114.jpg,2026-04-23,Rural,M,20,Fundamental,4500,24,2,5,2,2,Emprego,Emprego,
115,UUID-1115,v2.3,Completa,2026-04-24,12:49,2026-04-19,13:05,37,São Miguel do Norte,310007,São José,SM07,Polo 1,B3,Marina,Júlia,Marcos,-18.2154927827127,-43.2604240132666,12,Sim,Sim,Sim,https://repo/evid/115.jpg,2026-04-24,Rural,M,22,Fundamental,4500,49,3,2,2,4,Saúde,Água,
116,UUID-1116,v2.3,Completa,2026-04-10,13:00,2026-04-22,12:06,21,Lagoa Nova,310006,Córrego,LN06,Polo 2,B4,João,Ana,Lia,-18.2883475252999,-43.9069733616419,12,Sim,Sim,Sim,https://repo/evid/116.jpg,2026-04-26,Rural,M,58,Médio,1200,38,2,5,3,4,Saúde,Emprego,
117,UUID-1117,v2.3,Completa,2026-04-14,11:18,2026-04-18,13:59,33,São Miguel do Norte,310007,São José,SM07,Polo 3,B3,João,Júlia,Lia,-18.9253125641975,-43.7972873737208,23,Sim,Sim,Sim,https://repo/evid/117.jpg,2026-04-13,Urbana,F,60,Fundamental,3200,30,4,4,2,5,Água,Água,
118,UUID-1118,v2.3,Completa,2026-04-24,12:54,2026-04-13,09:10,27,Pedra Branca,310008,Pedreira,PB08,Polo 1,B2,João,Carlos,Lia,-18.2888426017149,-43.0315999958236,17,Sim,Sim,Sim,https://repo/evid/118.jpg,2026-04-26,Urbana,M,37,Médio,1800,2,5,4,3,1,Educação,Emprego,
119,UUID-1118,v2.3,Completa,2026-04-24,12:54,2026-04-13,09:10,27,Pedra Branca,310008,Pedreira,PB08,Polo 1,B2,João,Carlos,Lia,-18.2888426017149,-43.0315999958236,17,Sim,Sim,Sim,https://repo/evid/118.jpg,2026-04-26,Urbana,M,37,Médio,1800,2,5,4,3,1,Educação,Emprego,
120,UUID-1120,v2.4,Completa,2026-04-28,14:52,2026-04-22,15:01,32,Rio Claro,310001,Centro,RC01,Polo 4,B2,João,Carlos,Lia,-18.7250182309758,-43.5539885693533,9,Sim,Sim,Sim,https://repo/evid/120.jpg,2026-04-11,Urbana,M,28,Médio,3200,57,5,1,2,3,Educação,Água,
121,UUID-1121,v2.4,Completa,2026-04-26,11:40,2026-04-27,08:24,30,São Miguel do Norte,310007,São José,SM07,Polo 4,B5,João,Júlia,Marcos,-18.4976067444563,-43.6116187254307,10,Sim,Sim,Sim,https://repo/evid/121.jpg,2026-04-10,Rural,F,30,Fundamental,2500,4,5,5,4,5,Emprego,Água,
122,UUID-1122,v2.4,Completa,2026-04-17,12:34,2026-04-11,11:36,32,Santa Aurora,310002,Lagoa,SA02,Polo 3,B2,Marina,Carlos,Marcos,-18.6819956317081,-43.2618948988793,16,Sim,Sim,Sim,https://repo/evid/122.jpg,2026-04-28,Urbana,M,33,Superior,4500,10,3,4,4,2,Educação,Emprego,
123,UUID-1123,v2.4,Completa,2026-04-17,11:01,2026-04-26,15:00,29,Santa Aurora,310002,Lagoa,SA02,Polo 2,B2,João,Tiago,Lia,-18.0812192126928,-43.1557159135624,15,Sim,Sim,Sim,https://repo/evid/123.jpg,2026-04-11,Urbana,F,21,Superior,1800,50,2,5,4,1,Água,Transporte,
124,UUID-1124,v2.4,Completa,2026-04-19,13:08,2026-04-15,14:50,39,Santa Aurora,310002,Lagoa,SA02,Polo 3,B2,Paula,Rafaela,Marcos,-18.1103997831878,-43.386291013755,16,Sim,Sim,Sim,https://repo/evid/124.jpg,2026-04-17,Urbana,M,39,Médio,2500,9,3,1,5,5,Saúde,Água,
125,UUID-1125,v2.4,Completa,2026-04-17,09:59,2026-04-25,10:21,12,Lagoa Nova,310006,Córrego,LN06,Polo 2,B3,João,Carlos,Marcos,-18.1146797466049,-43.9112739874299,25,Sim,Sim,Sim,https://repo/evid/125.jpg,2026-04-20,Rural,F,76,Médio,1800,16,2,3,4,1,Saúde,Emprego,
126,UUID-1126,v2.4,Completa,2026-04-23,10:56,2026-04-23,15:56,32,São Miguel do Norte,310007,São José,SM07,Polo 3,B5,João,Ana,Bruno,-18.2112700055238,-43.4219445090669,12,Sim,Sim,Sim,https://repo/evid/126.jpg,2026-04-15,Rural,F,46,Fundamental,2500,2,4,3,2,1,Água,Água,
127,UUID-1127,v2.4,Completa,2026-04-12,16:57,2026-04-12,13:38,38,São Miguel do Norte,310007,São José,SM07,Polo 1,B4,Paula,Carlos,Marcos,-18.110246729596,-43.8428962226692,8,Sim,Sim,Sim,https://repo/evid/127.jpg,2026-04-20,Urbana,F,28,Médio,4500,47,4,3,4,2,Saúde,Emprego,
128,UUID-1128,v2.4,Completa,2026-04-27,15:09,2026-04-11,13:00,35,São Miguel do Norte,310007,São José,SM07,Polo 1,B3,Paula,Tiago,Marcos,-18.5196716025496,-43.9030131025185,11,Sim,Sim,Sim,https://repo/evid/128.jpg,2026-04-15,Rural,F,54,Médio,1200,20,5,4,5,3,Saúde,Transporte,
129,UUID-1129,v2.4,Completa,2026-04-22,13:11,2026-04-24,08:16,36,Vale Verde,310003,Boa Vista,VV03,Polo 4,B3,Marina,Júlia,Marcos,-18.9383606303399,-43.2477648578847,8,Sim,Sim,Sim,https://repo/evid/129.jpg,2026-04-12,Rural,M,41,Superior,1800,36,2,4,5,5,Educação,Água,
130,UUID-1130,v2.4,Completa,2026-04-12,14:57,2026-04-11,16:36,41,Pedra Branca,310008,Pedreira,PB08,Polo 2,B1,João,Carlos,Lia,-18.0278351216622,-43.1915392786806,9,Sim,Sim,Sim,https://repo/evid/130.jpg,2026-04-11,Rural,F,37,Superior,3200,13,3,5,4,3,Saúde,Emprego,
131,UUID-1131,v2.4,Completa,2026-04-22,16:20,2026-04-18,16:29,8,São Miguel do Norte,310007,São José,SM07,Polo 4,B1,João,Carlos,Lia,-18.4334060729449,-43.4173229131224,8,Sim,Sim,Sim,https://repo/evid/131.jpg,2026-04-13,Urbana,M,53,Superior,2500,57,5,3,5,4,Educação,Emprego,
132,UUID-1132,v2.4,Completa,2026-04-22,10:39,2026-04-22,08:25,29,Vale Verde,310003,Boa Vista,VV03,Polo 2,B1,Paula,Pedro,Bruno,-18.1029686378506,-43.9797671114067,14,Sim,Sim,Sim,https://repo/evid/132.jpg,2026-04-19,Rural,M,35,Superior,1200,56,3,2,4,4,Água,Saúde,
133,UUID-1133,v2.4,Completa,2026-04-12,11:28,2026-04-16,14:47,39,São Miguel do Norte,310007,São José,SM07,Polo 3,B1,Paula,Carlos,Lia,-18.6888769067111,-43.4932047247634,9,Sim,Sim,Sim,https://repo/evid/133.jpg,2026-04-26,Urbana,F,56,Fundamental,1800,54,2,2,2,4,Saúde,Saúde,
134,UUID-1134,v2.4,Completa,2026-04-21,15:32,2026-04-22,09:43,9,Serra Azul,310004,Barreiro,SZ04,Polo 2,B3,João,Rafaela,Bruno,-18.8224163058361,-43.1295192280815,23,Sim,Sim,Sim,https://repo/evid/134.jpg,2026-04-27,Rural,M,35,Fundamental,2500,48,2,3,2,4,Saúde,Água,
135,UUID-1135,v2.4,Completa,2026-04-17,11:43,2026-04-16,12:41,34,Serra Azul,310004,Barreiro,SZ04,Polo 1,B6,Marina,Pedro,Lia,-18.352628445825,-43.3988580495055,5,Sim,Sim,Sim,https://repo/evid/135.jpg,2026-04-17,Rural,M,72,Superior,2500,28,5,3,5,3,Emprego,Transporte,
136,UUID-1136,v2.4,Completa,2026-04-26,14:37,2026-04-13,08:32,31,Boa Esperança,310005,Santa Rita,BE05,Polo 3,B3,Paula,Ana,Bruno,-18.9361629461029,-43.0116390341782,25,Sim,Sim,Sim,https://repo/evid/136.jpg,2026-04-20,Rural,M,61,Superior,2500,13,3,5,3,1,Educação,Saúde,
137,UUID-1137,v2.4,Completa,2026-04-10,15:18,2026-04-18,14:25,32,Vale Verde,310003,Boa Vista,VV03,Polo 1,B5,Paula,Rafaela,Lia,-18.6568329503644,-43.2866307107928,22,Sim,Sim,Sim,https://repo/evid/137.jpg,2026-04-25,Rural,M,64,Fundamental,4500,12,4,1,5,2,Água,Água,
138,UUID-1138,v2.4,Completa,2026-04-12,11:22,2026-04-17,12:26,29,Lagoa Nova,310006,Córrego,LN06,Polo 3,B3,Paula,Júlia,Bruno,-18.1487861117886,-43.5294634323293,25,Sim,Sim,Sim,https://repo/evid/138.jpg,2026-04-28,Urbana,M,59,Fundamental,4500,8,5,5,4,4,Saúde,Água,
139,UUID-1139,v2.4,Completa,2026-04-20,14:36,2026-04-24,10:20,19,Vale Verde,310003,Boa Vista,VV03,Polo 1,B4,João,Fulano,Lia,-18.6865859282427,-43.9419864117748,19,Sim,Sim,Sim,https://repo/evid/139.jpg,2026-04-18,Urbana,F,30,Superior,1800,32,2,2,5,4,Educação,Transporte,
140,UUID-1140,v2.4,Completa,2026-04-10,08:34,2026-04-16,13:00,28,Pedra Branca,310008,Pedreira,PB08,Polo 2,B1,Supervisor X,Ana,Marcos,-18.2663967590867,-43.7737342887109,16,Sim,Sim,Sim,https://repo/evid/140.jpg,2026-04-19,Urbana,F,42,Médio,4500,38,4,2,2,1,Água,Saúde,
141,UUID-1141,v2.4,Completa,2026-04-26,16:21,2026-04-23,10:21,39,Pedra Branca,310008,Pedreira,PB08,Polo 3,B2,Marina,Pedro,Lia,-18.7715817151642,-43.2728311718637,9,Sim,Sim,Sim,https://repo/evid/141.jpg,2026-04-16,Urbana,F,64,Fundamental,2500,46,2,4,4,5,Saúde,Emprego,
142,UUID-1142,v2.4,Completa,2026-04-10,08:44,2026-04-13,14:28,32,Santa Aurora,310002,Lagoa,SA02,Polo 1,B5,João,Pedro,Marcos,-18.8468729018756,-43.3048079707791,25,Sim,Sim,Sim,https://repo/evid/142.jpg,2026-04-10,Rural,M,59,Superior,1200,43,4,5,3,4,Saúde,Emprego,
143,UUID-1143,v2.4,Completa,2026-04-13,15:12,2026-04-16,12:53,41,Boa Esperança,310005,Santa Rita,BE05,Polo 2,B3,Paula,Pedro,Bruno,-18.8396264013692,-43.4518612362716,11,Sim,Sim,Sim,https://repo/evid/143.jpg,2026-04-25,Rural,F,25,Fundamental,1200,43,2,1,5,2,Saúde,Emprego,
144,UUID-1144,v2.4,Completa,2026-04-18,11:29,2026-04-19,12:29,11,Santa Aurora,310002,Lagoa,SA02,Polo 1,B2,Marina,Júlia,Bruno,-18.1984038973096,-43.6872928930372,8,Sim,Sim,Sim,https://repo/evid/144.jpg,2026-04-13,Urbana,F,75,Fundamental,1800,22,4,4,4,1,Água,Saúde,
145,UUID-1145,v2.4,Completa,2026-04-22,14:29,2026-04-18,14:44,38,Vale Verde,310003,Boa Vista,VV03,Polo 4,B6,Marina,Ana,Lia,-18.3038301264762,-43.9413536043348,10,Sim,Sim,Sim,https://repo/evid/145.jpg,2026-04-13,Rural,M,25,Superior,3200,12,5,3,2,2,Educação,Transporte,
146,UUID-1146,v2.4,Completa,2026-04-23,15:02,2026-04-12,12:41,28,Santa Aurora,310002,Lagoa,SA02,Polo 1,B6,Paula,Rafaela,Marcos,-18.4233509918766,-43.4349877743126,15,Sim,Sim,Sim,https://repo/evid/146.jpg,2026-04-26,Urbana,M,74,Superior,1800,31,4,4,3,5,Saúde,Emprego,
147,UUID-1147,v2.4,Completa,2026-04-25,15:55,2026-04-15,09:48,39,Vale Verde,310003,Boa Vista,VV03,Polo 3,B2,João,Júlia,Lia,-18.4930706678129,-43.4495044302693,17,Sim,Sim,Sim,https://repo/evid/147.jpg,2026-04-22,Urbana,F,50,Médio,3200,52,5,1,5,4,Água,Emprego,
148,UUID-1148,v2.4,Completa,2026-04-10,09:25,2026-04-23,08:35,8,Pedra Branca,310008,Pedreira,PB08,Polo 1,B5,Paula,Tiago,Bruno,-18.1098891011749,-43.437667427906,25,Sim,Sim,Sim,https://repo/evid/148.jpg,2026-04-24,Rural,M,65,Fundamental,1800,55,5,3,5,3,Educação,Emprego,
149,UUID-1149,v2.4,Completa,2026-04-17,08:21,2026-04-21,12:35,1,Santa Aurora,310002,Lagoa,SA02,Polo 3,B6,Marina,Ana,Lia,-18.5075778578188,-43.1781613400813,18,Sim,Sim,Sim,https://repo/evid/149.jpg,2026-04-13,Rural,F,66,Fundamental,1200,60,5,2,5,2,Água,Emprego,
150,UUID-1150,v2.4,Completa,2026-04-28,09:49,2026-04-24,15:42,190,São Miguel do Norte,310007,São José,SM07,Polo 2,B4,Marina,Rafaela,Marcos,-18.9514283943681,-43.0646917191683,23,Sim,Sim,Sim,https://repo/evid/150.jpg,2026-04-25,Urbana,F,20,Superior,1800,7,5,5,4,5,Educação,Transporte,
151,UUID-1151,v2.4,Completa,2026-04-22,13:18,2026-04-24,10:08,34,Serra Azul,310004,Barreiro,SZ04,Polo 3,B6,Paula,Júlia,Marcos,-18.2631813516057,-43.446418437119,11,Sim,Sim,Sim,https://repo/evid/151.jpg,2026-04-16,Urbana,M,35,Superior,2500,59,3,2,4,1,Água,Transporte,
152,UUID-1152,v2.4,Completa,2026-04-27,12:56,2026-04-23,08:33,14,São Miguel do Norte,310007,São José,SM07,Polo 1,B4,Marina,Ana,Marcos,-18.9433952257044,-43.7330217305557,10,Sim,Sim,Sim,https://repo/evid/152.jpg,2026-04-19,Rural,F,61,Fundamental,2500,14,2,3,5,1,Emprego,Transporte,
153,UUID-1153,v2.4,Completa,2026-04-19,08:59,2026-04-22,14:26,28,Serra Azul,310004,Barreiro,SZ04,Polo 1,B1,Paula,Júlia,Lia,-18.3794383043882,-43.2190751071241,19,Sim,Sim,Sim,https://repo/evid/153.jpg,2026-04-17,Rural,F,50,Superior,1800,19,5,2,2,2,Emprego,Emprego,
154,UUID-1154,v2.4,Completa,2026-04-23,12:35,2026-04-18,10:10,24,São Miguel do Norte,310007,São José,SM07,Polo 1,B3,João,Tiago,Lia,-18.9600594106786,-43.0713717615409,24,Sim,Sim,Sim,https://repo/evid/154.jpg,2026-04-11,Rural,M,20,Superior,4500,23,2,3,3,2,Saúde,Água,
155,UUID-1155,v2.4,Completa,2026-04-27,14:05,2026-04-21,11:56,21,São Miguel do Norte,310007,São José,SM07,Polo 3,B3,João,Júlia,Lia,-18.0496917236399,-43.3817193990164,20,Sim,Sim,Sim,https://repo/evid/155.jpg,2026-04-27,Urbana,F,52,Superior,2500,29,3,5,3,1,Água,Transporte,
156,UUID-1156,v2.4,Completa,2026-04-18,16:46,2026-04-19,08:58,41,Santa Aurora,310002,Lagoa,SA02,Polo 3,B5,Paula,Pedro,Bruno,-18.9561483390895,-43.1017183910942,11,Sim,Sim,Sim,https://repo/evid/156.jpg,2026-04-20,Urbana,F,42,Fundamental,4500,35,2,1,3,2,Educação,Emprego,
157,UUID-1157,v2.4,Completa,2026-04-23,09:47,2026-04-14,08:29,29,Serra Azul,310004,Barreiro,SZ04,Polo 1,B1,Marina,Ana,Lia,-18.2057852130241,-43.4419157946822,23,Sim,Sim,Sim,https://repo/evid/157.jpg,2026-04-17,Rural,M,52,Médio,3200,41,5,4,4,1,Educação,Emprego,
158,UUID-1158,v2.4,Completa,2026-04-12,08:44,2026-04-12,13:59,40,Rio Claro,310001,Centro,RC01,Polo 1,B3,Paula,Júlia,Marcos,-18.9134947785622,-43.2347257589795,19,Sim,Sim,Sim,https://repo/evid/158.jpg,2026-04-22,Rural,F,59,Médio,1800,35,3,2,5,5,Água,Água,
159,UUID-1159,v2.4,Parcial,2026-04-21,08:35,2026-04-27,10:07,10,Boa Esperança,310005,Santa Rita,BE05,Polo 1,B5,Paula,Pedro,Marcos,-18.4524745498078,-43.9148731432506,11,Sim,Sim,Sim,https://repo/evid/159.jpg,2026-04-21,Urbana,M,61,Superior,4500,10,3,2,3,5,Água,Água,
160,UUID-1160,v2.4,Completa,2026-04-28,08:54,2026-04-27,15:41,12,Santa Aurora,310002,Lagoa,SA02,Polo 3,B6,Marina,Júlia,Lia,-18.8025824075521,-43.4194043465913,15,Sim,Sim,Sim,https://repo/evid/160.jpg,2026-04-21,Urbana,F,29,Fundamental,2500,40,2,2,4,4,Educação,Saúde,
161,UUID-1161,v2.4,Completa,2026-04-28,10:36,2026-04-28,13:51,28,Boa Esperança,310005,Santa Rita,BE05,Polo 4,B2,Marina,Júlia,Lia,-18.2143398879355,-43.2878008727743,25,Sim,Sim,Sim,https://repo/evid/161.jpg,2026-04-23,Rural,M,62,Fundamental,2500,57,5,4,5,3,Água,Transporte,
162,UUID-1162,v2.4,Completa,2026-04-12,12:54,2026-04-14,16:12,24,Santa Aurora,310002,Lagoa,SA02,Polo 1,B6,Marina,Ana,Marcos,-18.3683735055388,-43.1873576001682,23,Sim,Sim,Sim,https://repo/evid/162.jpg,2026-04-22,Urbana,F,29,Superior,2500,35,5,2,4,4,Emprego,Saúde,
163,UUID-1163,v2.4,Completa,2026-04-26,16:05,2026-04-22,13:32,8,Vale Verde,310003,Boa Vista,VV03,Polo 2,B5,Paula,Carlos,Marcos,-18.8596293073429,-43.8407775820855,23,Sim,Sim,Sim,https://repo/evid/163.jpg,2026-04-28,Urbana,M,47,Médio,1200,15,5,2,2,3,Água,Água,
164,UUID-1164,v2.4,Completa,2026-04-16,16:58,2026-04-21,14:30,37,Rio Claro,310001,Centro,RC01,Polo 1,B1,Paula,Júlia,Lia,-18.2962637471524,-43.4786270958665,13,Sim,Sim,Sim,https://repo/evid/164.jpg,2026-04-18,Urbana,M,60,Superior,3200,24,2,5,4,4,Emprego,Transporte,
165,UUID-1165,v2.4,Completa,2026-04-21,15:50,2026-04-25,17:00,40,Lagoa Nova,310006,Córrego,LN06,Polo 2,B4,Marina,Carlos,Lia,-18.485458726857,-43.7191904916501,9,Sim,Sim,Sim,https://repo/evid/165.jpg,2026-04-15,Urbana,M,70,Superior,1200,43,3,4,4,1,Educação,Transporte,
166,UUID-1166,v2.4,Completa,2026-04-28,10:41,2026-04-23,08:15,10,Pedra Branca,310008,Pedreira,PB08,Polo 2,B5,Paula,Carlos,Lia,-18.3704595751118,-43.9608091347605,23,Sim,Sim,Sim,https://repo/evid/166.jpg,2026-04-14,Urbana,F,31,Médio,1800,34,5,5,2,3,Saúde,Água,
167,UUID-1167,v2.4,Completa,2026-04-25,15:10,2026-04-17,14:38,17,Pedra Branca,310008,Pedreira,PB08,Polo 2,B5,Paula,Rafaela,Bruno,-18.8322782984064,-43.3144088361958,19,Sim,Sim,Sim,https://repo/evid/167.jpg,2026-04-29,Urbana,F,56,Médio,3200,9,2,1,3,5,Educação,Água,
168,UUID-1168,v2.4,Completa,2026-04-25,08:56,2026-04-27,16:48,15,Santa Aurora,310002,Lagoa,SA02,Polo 1,B4,Paula,Carlos,Marcos,-18.4607140136695,-43.9987997941899,25,Sim,Sim,Sim,https://repo/evid/168.jpg,2026-04-23,Rural,M,29,Fundamental,4500,28,3,4,5,3,Saúde,Transporte,
169,UUID-1169,v2.4,Completa,2026-04-25,11:58,2026-04-12,12:38,42,Vale Verde,310003,Boa Vista,VV03,Polo 4,B3,Marina,Ana,Marcos,-18.256354318638,-43.9928859205694,21,Sim,Sim,Sim,https://repo/evid/169.jpg,2026-04-13,Urbana,M,34,Superior,,45,4,4,4,1,Emprego,Transporte,
170,UUID-1170,v2.4,Completa,2026-04-27,14:36,2026-04-21,17:17,33,Boa Esperança,310005,Santa Rita,BE05,Polo 2,B4,Paula,Rafaela,Bruno,-18.821280402167,-43.4409061703465,20,Sim,Sim,Sim,https://repo/evid/170.jpg,2026-04-18,Rural,M,35,Superior,3200,80,3,1,3,4,Emprego,Emprego,
171,UUID-1171,v2.4,Completa,2026-04-22,13:51,2026-04-27,17:44,11,Serra Azul,310004,Barreiro,SZ04,Polo 2,B4,Paula,Ana,Lia,-18.1767445344826,-43.5283313399117,24,Sim,Sim,Sim,https://repo/evid/171.jpg,2026-04-23,Urbana,F,50,Médio,1800,24,2,5,2,4,Educação,Saúde,
172,UUID-1172,v2.4,Completa,2026-04-15,15:28,2026-04-10,11:54,41,Rio Claro,310001,Centro,RC01,Polo 3,B2,Marina,Rafaela,Marcos,-18.4841863684472,-43.7683290271819,10,Sim,Sim,Sim,https://repo/evid/172.jpg,2026-04-11,Rural,F,78,Superior,1200,11,2,3,5,3,Educação,Transporte,
173,UUID-1173,v2.4,Completa,2026-04-10,09:58,2026-04-12,16:18,30,Serra Azul,310004,Barreiro,SZ04,Polo 3,B3,Marina,Rafaela,Lia,-18.5452409913412,-43.5960435302935,5,Sim,Sim,Sim,https://repo/evid/173.jpg,2026-04-18,Urbana,M,51,Superior,1200,36,2,5,4,3,Saúde,Saúde,
174,UUID-1174,v2.4,Completa,2026-04-24,14:36,2026-04-25,11:48,29,Boa Esperança,310005,Santa Rita,BE05,Polo 4,B6,João,Rafaela,Lia,-18.5180298379342,-43.7421802351806,17,Sim,Sim,Sim,https://repo/evid/174.jpg,2026-04-17,Urbana,M,62,Médio,2500,34,2,3,3,3,Saúde,Transporte,
175,UUID-1175,v2.4,Completa,2026-04-27,10:30,2026-04-20,13:13,25,Lagoa Nova,310006,Córrego,LN06,Polo 2,B6,Paula,Carlos,Bruno,-18.2628877520586,-43.7651386280698,12,Sim,Sim,Sim,https://repo/evid/175.jpg,2026-04-18,Urbana,F,22,Fundamental,1800,54,4,2,2,1,Saúde,Transporte,
176,UUID-1176,v2.4,Completa,2026-04-27,08:54,2026-04-25,13:39,28,Rio Claro,310001,Centro,RC01,Polo 4,B5,João,Pedro,Lia,-18.0156053173225,-43.0839931703275,13,Sim,Sim,Sim,https://repo/evid/176.jpg,2026-04-22,Urbana,F,66,Fundamental,4500,52,5,4,2,5,Água,Transporte,
177,UUID-1177,v2.4,Completa,2026-04-13,16:29,2026-04-20,08:00,21,Vale Verde,310003,Boa Vista,VV03,Polo 4,B5,Marina,Júlia,Bruno,-18.3872219036382,-43.7402992309097,22,Sim,Sim,Sim,https://repo/evid/177.jpg,2026-04-18,Urbana,M,47,Médio,4500,22,4,2,5,4,Emprego,Transporte,
178,UUID-1178,v2.4,Completa,2026-04-22,12:28,2026-04-15,17:08,22,Lagoa Nova,310006,Córrego,LN06,Polo 1,B6,João,Carlos,Marcos,-18.5677812482692,-43.6191166177685,9,Sim,Sim,Sim,https://repo/evid/178.jpg,2026-04-14,Rural,F,41,Fundamental,3200,32,3,5,4,4,Água,Saúde,
179,UUID-1179,v2.4,Completa,2026-04-13,10:03,2026-04-16,12:30,14,Rio Claro,310001,Centro,RC01,Polo 4,B6,João,Júlia,Bruno,-18.6396934199307,-43.4425085117531,13,Sim,Sim,Sim,https://repo/evid/179.jpg,2026-04-21,Urbana,M,43,Fundamental,2500,56,3,5,3,3,Água,Saúde,
180,UUID-1180,v2.4,Completa,2026-04-24,09:24,2026-04-19,15:40,17,Pedra Branca,310008,Pedreira,PB08,Polo 2,B6,João,Pedro,Marcos,-18.3876898618666,-43.5952272798948,7,Sim,Sim,Sim,https://repo/evid/180.jpg,2026-04-12,Urbana,M,67,Fundamental,2500,21,4,3,5,3,Educação,Saúde,
181,UUID-1181,v2.4,Completa,2026-04-15,10:54,2026-04-10,10:46,23,Pedra Branca,310008,Pedreira,PB08,Polo 3,B6,Paula,Tiago,Lia,-18.7894285085282,-43.6029544166996,8,Sim,Sim,Sim,https://repo/evid/181.jpg,2026-04-12,Rural,F,44,Fundamental,3200,34,2,1,4,5,Emprego,Emprego,
182,UUID-1182,v2.4,Completa,2026-04-17,11:47,2026-04-19,15:40,16,São Miguel do Norte,310007,São José,SM07,Polo 2,B5,Marina,Ana,Lia,-18.3364508646962,-43.1396311825866,15,Sim,Sim,Sim,https://repo/evid/182.jpg,2026-04-25,Rural,M,37,Superior,3200,9,3,5,5,5,Educação,Saúde,
183,UUID-1183,v2.4,Completa,2026-04-27,11:51,2026-04-12,15:19,31,Lagoa Nova,310006,Córrego,LN06,Polo 4,B3,Marina,Júlia,Lia,-18.9999076536051,-43.1846202108391,9,Sim,Sim,Sim,https://repo/evid/183.jpg,2026-04-21,Rural,M,48,Superior,1200,45,5,4,4,1,Educação,Saúde,
184,UUID-1184,v2.4,Completa,2026-04-10,16:23,2026-04-16,14:56,35,Serra Azul,310004,Barreiro,SZ04,Polo 4,B2,Marina,Tiago,Marcos,-18.3540092007091,-43.1715731443587,12,Sim,Sim,Sim,https://repo/evid/184.jpg,2026-04-18,Urbana,M,68,Superior,1800,34,4,3,4,4,Emprego,Emprego,
185,UUID-1185,v2.4,Completa,2026-04-19,09:40,2026-04-24,17:28,25,Vale Verde,310003,Boa Vista,VV03,Polo 4,B2,João,Ana,Lia,-18.9503679277769,-43.4650292469402,10,Sim,Sim,Sim,https://repo/evid/185.jpg,2026-04-13,Rural,M,26,Fundamental,3200,47,2,2,2,2,Saúde,Transporte,
186,UUID-1186,v2.4,Completa,2026-04-23,12:50,2026-04-25,13:29,10,Serra Azul,310004,Barreiro,SZ04,Polo 3,B1,Marina,Ana,Bruno,-18.2243470892875,-43.9286153052509,20,Sim,Sim,Sim,https://repo/evid/186.jpg,2026-04-15,Urbana,M,39,Médio,1200,8,3,4,5,2,Saúde,Água,
187,UUID-1187,v2.4,Completa,2026-04-13,16:42,2026-04-16,15:24,27,Pedra Branca,310008,Pedreira,PB08,Polo 3,B2,Paula,Tiago,Lia,-18.2552754213108,-43.4504200553825,8,Sim,Sim,Sim,https://repo/evid/187.jpg,2026-04-18,Rural,M,65,Fundamental,2500,57,2,2,2,2,Educação,Saúde,
188,UUID-1188,v2.4,Completa,2026-04-18,09:25,2026-04-17,08:02,38,Rio Claro,310001,Centro,RC01,Polo 2,B3,Marina,Carlos,Lia,-18.500080793415,-43.3140553562444,15,Sim,Sim,Sim,https://repo/evid/188.jpg,2026-04-11,Urbana,M,28,Superior,1800,45,2,2,5,2,Água,Saúde,
189,UUID-1189,v2.4,Completa,2026-04-16,08:44,2026-04-22,13:46,16,Pedra Branca,310008,Pedreira,PB08,Polo 3,B1,João,Tiago,Bruno,-18.4409752093649,-43.4572659231943,20,Sim,Sim,Sim,https://repo/evid/189.jpg,2026-04-16,Urbana,M,64,Médio,3200,18,3,1,3,4,Água,Saúde,
190,UUID-1190,v2.4,Completa,2026-04-10,16:24,2026-04-15,08:39,31,Lagoa Nova,310006,Córrego,LN06,Polo 2,B3,Paula,Ana,Marcos,-18.0328368429917,-43.180950266216,11,Sim,Sim,Sim,https://repo/evid/190.jpg,2026-04-26,Rural,F,47,Superior,2500,21,5,3,2,1,Saúde,Emprego,
191,UUID-1191,v2.4,Completa,2026-04-11,11:06,2026-04-25,11:06,10,Vale Verde,310003,Boa Vista,VV03,Polo 4,B6,João,Rafaela,Marcos,-18.2986859784253,-43.744061469666,16,Sim,Sim,Sim,https://repo/evid/191.jpg,2026-04-17,Urbana,F,29,Fundamental,3200,60,2,4,2,3,Educação,Saúde,
192,UUID-1192,v2.4,Completa,2026-04-18,16:02,2026-04-12,12:04,21,Rio Claro,310001,Centro,RC01,Polo 1,B1,Paula,Carlos,Marcos,-18.614668911774,-43.8068805521265,12,Sim,Sim,Sim,https://repo/evid/192.jpg,2026-04-28,Urbana,M,70,Superior,1200,50,4,4,5,1,Emprego,Água,
193,UUID-1193,v2.4,Completa,2026-04-20,10:34,2026-04-24,13:57,28,São Miguel do Norte,310007,São José,SM07,Polo 3,B3,João,Tiago,Bruno,-18.1738450249592,-43.6765490799515,12,Sim,Sim,Sim,https://repo/evid/193.jpg,2026-04-28,Urbana,M,50,Superior,2500,24,5,4,5,1,Saúde,Saúde,
194,UUID-1194,v2.4,Completa,2026-04-14,12:00,2026-04-19,11:13,28,Rio Claro,310001,Centro,RC01,Polo 1,B6,João,Rafaela,Marcos,-18.4436769144932,-43.0740775497883,9,Sim,Sim,Sim,https://repo/evid/194.jpg,2026-04-13,Urbana,M,51,Médio,1800,9,4,3,3,2,Água,Saúde,
195,UUID-1195,v2.4,Completa,2026-04-22,11:46,2026-04-12,13:50,38,Santa Aurora,310002,Lagoa,SA02,Polo 2,B4,Paula,Tiago,Marcos,-18.1804847351636,-43.9046359464882,25,Sim,Sim,Sim,https://repo/evid/195.jpg,2026-04-19,Urbana,M,54,Fundamental,1200,59,4,3,5,4,Saúde,Água,
196,UUID-1196,v2.4,Completa,2026-04-22,08:19,2026-04-26,08:20,42,Rio Claro,310001,Centro,RC01,Polo 2,B3,Paula,Tiago,Lia,-18.8468025173953,-43.3263647576304,17,Sim,Sim,Sim,https://repo/evid/196.jpg,2026-04-24,Urbana,F,58,Médio,2500,51,5,2,3,3,Saúde,Transporte,
197,UUID-1197,v2.4,Completa,2026-04-22,12:05,2026-04-22,16:27,16,Rio Claro,310001,Centro,RC01,Polo 2,B4,Paula,Carlos,Bruno,-18.6046811964195,-43.4286693170957,22,Sim,Sim,Sim,https://repo/evid/197.jpg,2026-04-29,Urbana,F,53,Fundamental,2500,50,5,3,2,1,Educação,Transporte,
198,UUID-1198,v2.4,Completa,2026-04-16,13:22,2026-04-10,12:10,30,Lagoa Nova,310006,Córrego,LN06,Polo 4,B5,Marina,Pedro,Lia,-18.0757867930966,-43.7665104031586,16,Sim,Sim,Sim,https://repo/evid/198.jpg,2026-04-14,Urbana,F,40,Superior,1200,16,3,3,2,3,Saúde,Saúde,
199,UUID-1198,v2.4,Completa,2026-04-16,13:22,2026-04-10,12:10,30,Lagoa Nova,310006,Córrego,LN06,Polo 4,B5,Marina,Pedro,Lia,-18.0757867930966,-43.7665104031586,16,Sim,Sim,Sim,https://repo/evid/198.jpg,2026-04-14,Urbana,F,40,Superior,1200,16,3,3,2,3,Saúde,Saúde,
200,UUID-1200,v2.4,Completa,2026-04-18,13:55,2026-04-13,08:18,32,Santa Aurora,310002,Lagoa,SA02,Polo 2,B4,Paula,Tiago,Lia,-18.0961279398542,-43.5153378481658,24,Sim,Sim,Sim,https://repo/evid/200.jpg,2026-04-27,Urbana,F,42,Fundamental,4500,30,2,1,3,5,Água,Saúde,
201,UUID-1201,v2.4,Completa,2026-04-15,08:22,2026-04-21,13:40,27,Pedra Branca,310008,Pedreira,PB08,Polo 2,B5,João,Ana,Marcos,-18.7423206353286,-43.6128294103563,5,Sim,Sim,Sim,https://repo/evid/201.jpg,2026-04-27,Rural,F,43,Fundamental,2500,58,5,2,2,4,Emprego,Transporte,
202,UUID-1202,v2.4,Completa,2026-04-14,14:19,2026-04-20,15:34,16,Serra Azul,310004,Barreiro,SZ04,Polo 2,B6,Marina,Rafaela,Marcos,-18.3159513637416,-43.7976897667156,9,Sim,Sim,Sim,https://repo/evid/202.jpg,2026-04-19,Urbana,M,54,Fundamental,4500,59,3,3,2,5,Saúde,Água,
203,UUID-1203,v2.4,Completa,2026-04-14,08:48,2026-04-20,14:26,27,Lagoa Nova,310006,Córrego,LN06,Polo 4,B6,Paula,Tiago,Bruno,-18.8480429442293,-43.8120663977655,9,Sim,Sim,Sim,https://repo/evid/203.jpg,2026-04-15,Urbana,M,71,Superior,4500,40,3,5,3,2,Saúde,Saúde,
204,UUID-1204,v2.4,Completa,2026-04-25,10:32,2026-04-25,13:11,32,Santa Aurora,310002,Lagoa,SA02,Polo 4,B4,Marina,Carlos,Lia,-18.7737269399149,-43.5914108398219,5,Sim,Sim,Sim,https://repo/evid/204.jpg,2026-04-18,Rural,F,62,Superior,1800,49,3,1,3,4,Educação,Saúde,
205,UUID-1205,v2.4,Completa,2026-04-17,14:25,2026-04-11,17:47,32,Pedra Branca,310008,Pedreira,PB08,Polo 3,B4,Paula,Tiago,Marcos,-18.4061941986072,-43.4747694682971,6,Sim,Sim,Sim,https://repo/evid/205.jpg,2026-04-26,Urbana,M,74,Médio,1200,57,3,5,5,1,Educação,Emprego,
206,UUID-1206,v2.4,Completa,2026-04-24,14:56,2026-04-19,12:29,18,Serra Azul,310004,Barreiro,SZ04,Polo 4,B3,Paula,Ana,Marcos,-18.4830303497339,-43.8577603812249,25,Sim,Sim,Sim,https://repo/evid/206.jpg,2026-04-24,Urbana,F,36,Fundamental,4500,58,3,4,5,3,Educação,Emprego,
207,UUID-1207,v2.4,Completa,2026-04-28,11:56,2026-04-24,09:16,28,Vale Verde,310003,Boa Vista,VV03,Polo 2,B6,Paula,Ana,Lia,-18.8858350611759,-43.5506015819753,16,Sim,Sim,Sim,https://repo/evid/207.jpg,2026-04-12,Rural,F,47,Médio,4500,25,2,2,4,5,Emprego,Água,
208,UUID-1208,v2.4,Completa,2026-04-11,14:19,2026-04-19,15:18,19,Vale Verde,310003,Boa Vista,VV03,Polo 1,B2,Marina,Ana,Marcos,-18.2346041928745,-43.987792235176,20,Sim,Sim,Sim,https://repo/evid/208.jpg,2026-04-25,Urbana,M,29,Fundamental,1800,38,5,4,5,4,Saúde,Emprego,
209,UUID-1209,v2.4,Completa,2026-04-27,12:39,2026-04-27,11:03,19,Serra Azul,310004,Barreiro,SZ04,Polo 2,B1,Paula,Júlia,Lia,-18.8546255837841,-43.9675679082647,23,Sim,Sim,Sim,https://repo/evid/209.jpg,2026-04-29,Rural,M,74,Fundamental,1200,7,5,2,3,3,Emprego,Transporte,
210,UUID-1210,v2.4,Completa,2026-04-11,09:49,2026-04-19,13:23,32,Lagoa Nova,310006,Córrego,LN06,Polo 1,B4,Paula,Ana,Bruno,-18.5291831557859,-43.8779767699941,13,Sim,Sim,Sim,https://repo/evid/210.jpg,2026-04-20,Rural,F,77,Superior,1800,40,2,1,2,4,Água,Transporte,
211,UUID-1211,v2.4,Completa,2026-04-26,13:59,2026-04-14,17:36,39,Lagoa Nova,310006,Córrego,LN06,Polo 4,B4,Marina,Rafaela,Lia,-18.2914129324966,-43.0207423404339,5,Sim,Sim,Sim,https://repo/evid/211.jpg,2026-04-13,Urbana,M,34,Superior,1200,48,3,5,5,4,Saúde,Saúde,
212,UUID-1212,v2.4,Completa,2026-04-16,08:40,2026-04-16,12:16,12,Lagoa Nova,310006,Córrego,LN06,Polo 3,B3,Paula,Rafaela,Bruno,-18.2329673990151,-43.8861632370514,15,Sim,Sim,Sim,https://repo/evid/212.jpg,2026-04-20,Rural,F,53,Fundamental,1800,22,4,4,5,1,Emprego,Transporte,
213,UUID-1213,v2.4,Completa,2026-04-24,16:57,2026-04-20,15:50,34,Vale Verde,310003,Boa Vista,VV03,Polo 1,B5,João,Rafaela,Marcos,-18.3218023753501,-43.4448227916965,5,Sim,Sim,Sim,https://repo/evid/213.jpg,2026-04-16,Rural,M,58,Fundamental,1800,18,2,3,5,5,Emprego,Transporte,
214,UUID-1214,v2.4,Completa,2026-04-13,12:45,2026-04-20,08:17,34,Vale Verde,310003,Boa Vista,VV03,Polo 1,B4,Marina,Júlia,Bruno,-18.1705425310826,-43.6973712949742,21,Sim,Sim,Sim,https://repo/evid/214.jpg,2026-04-19,Urbana,F,56,Médio,1200,50,3,1,5,5,Saúde,Transporte,
215,UUID-1215,v2.4,Completa,2026-04-20,15:46,2026-04-26,12:49,28,Vale Verde,310003,Boa Vista,VV03,Polo 2,B1,Paula,Tiago,Lia,-18.7948128899591,-43.9634474630701,17,Sim,Sim,Sim,https://repo/evid/215.jpg,2026-04-26,Urbana,F,30,Médio,1200,44,2,3,5,1,Saúde,Saúde,
216,UUID-1216,v2.4,Completa,2026-04-19,11:20,2026-04-16,11:18,25,Rio Claro,310001,Centro,RC01,Polo 3,B4,Paula,Ana,Bruno,-18.8506792772003,-43.7263631141599,5,Sim,Sim,Sim,https://repo/evid/216.jpg,2026-04-29,Urbana,F,54,Superior,2500,36,4,3,3,3,Emprego,Água,
217,UUID-1217,v2.4,Completa,2026-04-20,16:28,2026-04-11,10:01,38,Santa Aurora,310002,Lagoa,SA02,Polo 1,B1,João,Ana,Lia,-18.57353425479,-43.8210170067498,24,Sim,Sim,Sim,https://repo/evid/217.jpg,2026-04-28,Rural,M,37,Médio,2500,53,3,5,2,4,Emprego,Emprego,
218,UUID-1218,v2.4,Completa,2026-04-24,12:43,2026-04-24,15:14,22,Pedra Branca,310008,Pedreira,PB08,Polo 2,B5,João,Júlia,Bruno,-18.8166469283431,-43.0827355782302,15,Sim,Sim,Sim,https://repo/evid/218.jpg,2026-04-20,Rural,M,24,Fundamental,1200,31,2,3,5,4,Emprego,Saúde,
219,UUID-1219,v2.4,Completa,2026-04-28,10:32,2026-04-13,14:52,14,Lagoa Nova,310006,Córrego,LN06,Polo 3,B5,Paula,Ana,Bruno,-18.4672544340717,-43.5991835252156,18,Sim,Sim,Sim,https://repo/evid/219.jpg,2026-04-17,Urbana,F,56,Médio,3200,5,4,2,5,4,Água,Água,
220,UUID-1220,v2.4,Completa,2026-04-12,15:07,2026-04-28,17:29,28,Vale Verde,310003,Boa Vista,VV03,Polo 1,B4,Marina,Júlia,Bruno,-18.9303923651706,-43.8912553661651,24,Sim,Sim,Sim,https://repo/evid/220.jpg,2026-04-22,Rural,M,60,Superior,1200,6,3,2,2,2,Emprego,Transporte,
221,UUID-1221,v2.4,Completa,2026-04-28,15:12,2026-04-16,13:19,27,Boa Esperança,310005,Santa Rita,BE05,Polo 4,B6,João,Ana,Marcos,-18.9918807475903,-43.0135783515094,17,Sim,Sim,Sim,https://repo/evid/221.jpg,2026-04-14,Rural,F,42,Médio,4500,4,2,5,4,1,Água,Emprego,
222,UUID-1222,v2.4,Completa,2026-04-28,14:40,2026-04-20,14:25,32,Serra Azul,310004,Barreiro,SZ04,Polo 4,B5,Marina,Tiago,Lia,-18.5251285870443,-43.8117731619222,17,Sim,Sim,Sim,https://repo/evid/222.jpg,2026-04-21,Rural,F,45,Médio,1800,9,2,1,2,2,Educação,Transporte,
223,UUID-1223,v2.4,Completa,2026-04-14,14:55,2026-04-24,17:59,35,Vale Verde,310003,Boa Vista,VV03,Polo 2,B4,Paula,Pedro,Marcos,-18.1799285750833,-43.61528528217,12,Sim,Sim,Sim,https://repo/evid/223.jpg,2026-04-15,Rural,F,23,Superior,3200,55,3,5,4,4,Água,Emprego,
224,UUID-1224,v2.4,Completa,2026-04-25,13:07,2026-04-28,15:44,13,Rio Claro,310001,Centro,RC01,Polo 2,B6,Paula,Rafaela,Bruno,-18.5350636726845,-43.9217653980601,24,Sim,Sim,Sim,https://repo/evid/224.jpg,2026-04-12,Urbana,M,54,Superior,1200,44,4,5,2,3,Saúde,Transporte,
225,UUID-1225,v2.4,Completa,2026-04-25,13:26,2026-04-21,12:18,18,Pedra Branca,310008,Pedreira,PB08,Polo 1,B6,Paula,Tiago,Bruno,-18.273028285913,-43.4362937267092,6,Sim,Sim,Sim,https://repo/evid/225.jpg,2026-04-25,Urbana,F,50,Superior,2500,52,2,3,5,1,Emprego,Emprego,
226,UUID-1226,v2.4,Completa,2026-04-14,12:17,2026-04-18,08:47,15,Boa Esperança,310005,Santa Rita,BE05,Polo 2,B5,Paula,Carlos,Marcos,-18.5533468323218,-43.1921593086764,13,Sim,Sim,Sim,https://repo/evid/226.jpg,2026-04-17,Rural,F,34,Superior,1200,22,2,2,3,4,Educação,Transporte,
227,UUID-1227,v2.4,Completa,2026-04-24,10:13,2026-04-28,13:03,24,Serra Azul,310004,Barreiro,SZ04,Polo 1,B1,Marina,Pedro,Bruno,-18.523768057664,-43.5237337593276,22,Sim,Sim,Sim,https://repo/evid/227.jpg,2026-04-17,Rural,M,60,Médio,2500,10,5,1,4,4,Educação,Saúde,
228,UUID-1228,v2.4,Completa,2026-04-27,13:54,2026-04-23,17:58,25,Rio Claro,310001,Centro,RC01,Polo 3,B3,João,Ana,Bruno,-18.3456567184316,-43.6088462363101,12,Sim,Sim,Sim,https://repo/evid/228.jpg,2026-04-28,Urbana,M,24,Superior,1800,21,2,1,2,1,Educação,Emprego,
229,UUID-1229,v2.4,Completa,2026-04-24,13:14,2026-04-19,12:12,10,Santa Aurora,310002,Lagoa,SA02,Polo 1,B5,Marina,Ana,Marcos,-18.3433944814357,-43.1645408629118,24,Sim,Sim,Sim,https://repo/evid/229.jpg,2026-04-13,Urbana,F,61,Superior,1800,25,3,1,3,3,Água,Transporte,
230,UUID-1230,v2.4,Completa,2026-04-24,12:49,2026-04-23,13:16,18,Santa Aurora,310002,Lagoa,SA02,Polo 1,B3,Marina,Pedro,Bruno,-18.667345263094,-43.9399413521719,13,Sim,Sim,Sim,https://repo/evid/230.jpg,2026-04-15,Rural,F,58,Médio,1800,40,5,2,5,1,Emprego,Transporte,
231,UUID-1231,v2.4,Completa,2026-04-13,15:45,2026-04-18,09:02,12,Serra Azul,310004,Barreiro,SZ04,Polo 1,B5,Paula,Júlia,Bruno,-18.9812352068982,-43.5022986222144,25,Sim,Sim,Sim,https://repo/evid/231.jpg,2026-04-10,Urbana,M,57,Médio,1800,45,4,4,2,5,Educação,Transporte,
232,UUID-1232,v2.4,Completa,2026-04-12,16:14,2026-04-10,14:44,38,São Miguel do Norte,310007,São José,SM07,Polo 1,B5,Paula,Júlia,Bruno,-18.3181642643897,-43.5993852015198,25,Sim,Sim,Sim,https://repo/evid/232.jpg,2026-04-12,Rural,M,43,Fundamental,3200,49,4,2,3,5,Saúde,Transporte,
233,UUID-1233,v2.4,Completa,2026-04-22,09:40,2026-04-21,15:05,36,Serra Azul,310004,Barreiro,SZ04,Polo 2,B2,Marina,Carlos,Lia,-18.280260965255,-43.4070545715207,20,Sim,Sim,Sim,https://repo/evid/233.jpg,2026-04-22,Urbana,M,37,Médio,4500,54,5,1,2,3,Saúde,Saúde,
234,UUID-1234,v2.4,Completa,2026-04-13,11:51,2026-04-26,15:43,42,Rio Claro,310001,Centro,RC01,Polo 2,B6,Paula,Carlos,Lia,-18.963122332577,-43.858409527772,25,Sim,Sim,Sim,https://repo/evid/234.jpg,2026-04-10,Rural,F,43,Fundamental,1800,1,3,1,4,1,Educação,Água,
235,UUID-1235,v2.4,Completa,2026-04-13,09:31,2026-04-17,09:51,20,Santa Aurora,310002,Lagoa,SA02,Polo 4,B3,Paula,Tiago,Bruno,-18.6757650589883,-43.0241467305713,23,Sim,Sim,Sim,https://repo/evid/235.jpg,2026-04-27,Urbana,M,70,Fundamental,1200,38,3,3,2,1,Água,Água,
236,UUID-1236,v2.4,Completa,2026-04-21,16:10,2026-04-24,11:59,10,São Miguel do Norte,310007,São José,SM07,Polo 2,B1,Paula,Rafaela,Bruno,-18.2223383623529,-43.9843696737317,20,Sim,Sim,Sim,https://repo/evid/236.jpg,2026-04-12,Urbana,F,28,Fundamental,1200,46,4,4,5,2,Emprego,Água,
237,UUID-1237,v2.4,Completa,2026-04-24,14:15,2026-04-15,17:44,10,Boa Esperança,310005,Santa Rita,BE05,Polo 2,B6,João,Rafaela,Lia,-18.372808345955,-43.2174169696778,16,Sim,Sim,Sim,https://repo/evid/237.jpg,2026-04-23,Urbana,F,51,Fundamental,1200,34,2,5,4,5,Emprego,Transporte,
238,UUID-1238,v2.4,Completa,2026-04-11,11:07,2026-04-14,15:31,19,Serra Azul,310004,Barreiro,SZ04,Polo 2,B6,Marina,Ana,Marcos,-18.6358069309215,-43.7904102471868,13,Sim,Sim,Sim,https://repo/evid/238.jpg,2026-04-20,Rural,F,35,Fundamental,1200,60,3,2,2,4,Saúde,Emprego,
239,UUID-1239,v2.4,Completa,2026-04-24,13:26,2026-04-16,13:14,15,Serra Azul,310004,Barreiro,SZ04,Polo 3,B2,Marina,Carlos,Marcos,-18.5874045426407,-43.8000441687142,12,Sim,Sim,Sim,https://repo/evid/239.jpg,2026-04-12,Rural,M,64,Fundamental,3200,10,3,5,5,2,Educação,Saúde,
240,UUID-1240,v2.4,Completa,2026-04-16,13:17,2026-04-16,13:08,10,Vale Verde,310003,Boa Vista,VV03,Polo 1,B3,Marina,Ana,Bruno,-18.5414210750295,-43.8287986832832,15,Sim,Sim,Sim,https://repo/evid/240.jpg,2026-04-17,Rural,F,47,Superior,4500,58,3,5,3,1,Educação,Transporte,
241,UUID-1241,v2.4,Completa,2026-04-25,15:17,2026-04-10,14:47,23,Serra Azul,310004,Barreiro,SZ04,Polo 2,B3,João,Rafaela,Lia,-18.1081773718634,-43.4082283679675,9,Sim,Sim,Sim,https://repo/evid/241.jpg,2026-04-28,Urbana,M,55,Fundamental,1200,31,2,4,5,4,Saúde,Transporte,
242,UUID-1242,v2.4,Completa,2026-04-12,16:48,2026-04-10,14:13,16,Pedra Branca,310008,Pedreira,PB08,Polo 3,B3,Marina,Tiago,Lia,-18.9840698355453,-43.3309643916425,10,Sim,Sim,Sim,https://repo/evid/242.jpg,2026-04-24,Urbana,M,33,Médio,1800,56,5,2,4,4,Saúde,Emprego,
243,UUID-1243,v2.4,Completa,2026-04-20,16:02,2026-04-19,14:48,25,São Miguel do Norte,310007,São José,SM07,Polo 2,B6,Marina,Rafaela,Bruno,-18.2642392148655,-43.9451883247887,16,Sim,Sim,Sim,https://repo/evid/243.jpg,2026-04-11,Urbana,M,75,Médio,3200,40,2,3,4,2,Saúde,Água,
244,UUID-1244,v2.4,Completa,2026-04-17,16:07,2026-04-25,17:55,21,Vale Verde,310003,Boa Vista,VV03,Polo 2,B3,João,Júlia,Marcos,-18.3197732610782,-43.7228546660061,7,Sim,Sim,Sim,https://repo/evid/244.jpg,2026-04-21,Rural,M,39,Médio,4500,34,2,4,4,4,Água,Emprego,
245,UUID-1245,v2.4,Completa,2026-04-24,09:05,2026-04-22,10:18,12,Serra Azul,310004,Barreiro,SZ04,Polo 1,B2,João,Ana,Marcos,-18.8520459570264,-43.8495019311086,11,Sim,Sim,Sim,https://repo/evid/245.jpg,2026-04-26,Urbana,M,75,Médio,4500,60,3,4,4,4,Educação,Emprego,
246,UUID-1246,v2.4,Completa,2026-04-12,08:55,2026-04-17,16:41,29,Boa Esperança,310005,Santa Rita,BE05,Polo 4,B5,João,Tiago,Marcos,-18.213175637079,-43.5138516083855,21,Sim,Sim,Sim,https://repo/evid/246.jpg,2026-04-27,Rural,M,30,Médio,4500,9,4,2,4,2,Educação,Saúde,
247,UUID-1247,v2.4,Completa,2026-04-11,10:22,2026-04-19,15:10,18,Boa Esperança,310005,Santa Rita,BE05,Polo 3,B2,Marina,Tiago,Marcos,-18.0952888528529,-43.2055427197107,10,Sim,Sim,Sim,https://repo/evid/247.jpg,2026-04-17,Urbana,F,67,Médio,4500,9,5,3,4,2,Emprego,Emprego,
248,UUID-1248,v2.4,Completa,2026-04-14,13:28,2026-04-27,10:34,27,Lagoa Nova,310006,Córrego,LN06,Polo 1,B1,João,Pedro,Lia,-18.0522109459487,-43.0721887102707,9,Sim,Sim,Sim,https://repo/evid/248.jpg,2026-04-10,Rural,M,40,Médio,2500,49,3,5,5,3,Saúde,Transporte,
249,UUID-1249,v2.4,Completa,2026-04-27,09:19,2026-04-10,14:39,22,Rio Claro,310001,Centro,RC01,Polo 4,B3,Marina,Júlia,Lia,-18.3918487903378,-43.8048502535862,21,Sim,Sim,Sim,https://repo/evid/249.jpg,2026-04-17,Rural,F,26,Fundamental,1200,35,5,1,5,2,Educação,Saúde,
250,UUID-1250,v2.4,Completa,2026-04-21,14:09,2026-04-23,13:24,31,Rio Claro,310001,Centro,RC01,Polo 1,B3,João,Júlia,Bruno,-18.0224763717832,-43.1256982642335,7,Sim,Sim,Sim,https://repo/evid/250.jpg,2026-04-16,Rural,M,76,Médio,2500,11,5,4,3,5,Saúde,Água,
