ID_Entrevista,UUID,Pesquisador,Município,Comunidade,Termo_Consentimento,Arquivo_Termo,Foto_Entrevista,Arquivo_Foto,Diario_Campo,Arquivo_Diario,Data_Coleta,Data_Upload,Repositorio,Status_Validacao,Responsavel_QA,Observacoes
1,UUID-1001,Carlos,Santa Aurora,COM02,Sim,TC_0001.pdf,Sim,IMG_0001.jpg,Sim,DC_0001.pdf,2026-04-11,2026-04-11,Repositorio_DSP,Validado,João,
2,UUID-1002,Júlia,Vale Verde,COM03,Sim,TC_0002.pdf,Sim,IMG_0002.jpg,Sim,DC_0002.pdf,2026-04-12,2026-04-12,Repositorio_DSP,Validado,Paula,
3,UUID-1003,Pedro,Serra Azul,COM04,Sim,TC_0003.pdf,Sim,IMG_0003.jpg,Sim,DC_0003.pdf,2026-04-13,2026-04-13,Repositorio_DSP,Validado,Marina,
4,UUID-1004,Rafaela,Boa Esperança,COM05,Sim,TC_0004.pdf,Sim,IMG_0004.jpg,Sim,DC_0004.pdf,2026-04-14,2026-04-14,Repositorio_DSP,Validado,João,
5,UUID-1005,Tiago,Lagoa Nova,COM06,Sim,TC_0005.pdf,Sim,IMG_0005.jpg,Sim,DC_0005.pdf,2026-04-15,2026-04-15,Repositorio_DSP,Validado,Paula,
6,UUID-1006,Ana,São Miguel do Norte,COM07,Sim,TC_0006.pdf,Sim,IMG_0006.jpg,Sim,DC_0006.pdf,2026-04-16,2026-04-16,Repositorio_DSP,Validado,Marina,
7,UUID-1007,Carlos,Pedra Branca,COM08,Sim,TC_0007.pdf,Sim,IMG_0007.jpg,Sim,DC_0007.pdf,2026-04-17,2026-04-17,Repositorio_DSP,Validado,João,
8,UUID-1008,Júlia,Rio Claro,COM09,Sim,TC_0008.pdf,Sim,IMG_0008.jpg,Sim,DC_0008.pdf,2026-04-18,2026-04-18,Repositorio_DSP,Validado,Paula,
9,UUID-1009,Pedro,Santa Aurora,COM10,Sim,TC_0009.pdf,Sim,IMG_0009.jpg,Sim,DC_0009.pdf,2026-04-19,2026-04-19,Repositorio_DSP,Validado,Marina,
10,UUID-1010,Rafaela,Vale Verde,COM11,Sim,TC_0010.pdf,Sim,IMG_0010.jpg,Sim,DC_0010.pdf,2026-04-20,2026-04-20,Repositorio_DSP,Validado,João,
11,UUID-1011,Tiago,Serra Azul,COM12,Não,,Sim,IMG_0011.jpg,Sim,DC_0011.pdf,2026-04-21,2026-04-21,Repositorio_DSP,Validado,Paula,
12,UUID-1012,Ana,Boa Esperança,COM01,Sim,TC_0012.pdf,Sim,IMG_0012.jpg,Sim,DC_0012.pdf,2026-04-22,2026-04-22,Repositorio_DSP,Validado,Marina,
13,UUID-1013,Carlos,Lagoa Nova,COM02,Sim,TC_0013.pdf,Sim,IMG_0013.jpg,Sim,DC_0013.pdf,2026-04-23,2026-04-23,Repositorio_DSP,Validado,João,
14,UUID-1014,Júlia,São Miguel do Norte,COM03,Sim,TC_0014.pdf,Sim,IMG_0014.jpg,Sim,DC_0014.pdf,2026-04-24,2026-04-24,Repositorio_DSP,Validado,Paula,
15,UUID-1015,Pedro,Pedra Branca,COM04,Sim,TC_0015.pdf,Sim,IMG_0015.jpg,Sim,DC_0015.pdf,2026-04-25,2026-04-25,Repositorio_DSP,Validado,Marina,
16,UUID-1016,Rafaela,Rio Claro,COM05,Sim,TC_0016.pdf,Sim,IMG_0016.jpg,Sim,DC_0016.pdf,2026-04-26,2026-04-26,Repositorio_DSP,Validado,João,
17,UUID-1017,Tiago,Santa Aurora,COM06,Sim,TC_0017.pdf,Sim,,Sim,DC_0017.pdf,2026-04-27,2026-04-27,Repositorio_DSP,Validado,Paula,
18,UUID-1018,Ana,Vale Verde,COM07,Sim,TC_0018.pdf,Sim,IMG_0018.jpg,Sim,DC_0018.pdf,2026-04-28,2026-04-28,Repositorio_DSP,Validado,Marina,
19,UUID-1019,Carlos,Serra Azul,COM08,Sim,TC_0019.pdf,Sim,IMG_0019.jpg,Sim,DC_0019.pdf,2026-04-10,2026-04-10,Repositorio_DSP,Validado,João,
20,UUID-1020,Júlia,Boa Esperança,COM09,Sim,TC_0020.pdf,Não,IMG_0020.jpg,Sim,DC_0020.pdf,2026-04-11,2026-04-11,Repositorio_DSP,Validado,Paula,
21,UUID-1021,Pedro,Lagoa Nova,COM10,Sim,TC_0021.pdf,Sim,IMG_0021.jpg,Sim,DC_0021.pdf,2026-04-12,2026-04-12,Repositorio_DSP,Validado,Marina,
22,UUID-1022,Rafaela,São Miguel do Norte,COM11,Sim,TC_0022.pdf,Sim,IMG_0022.jpg,Sim,DC_0022.pdf,2026-04-13,2026-04-13,Repositorio_DSP,Validado,João,
23,UUID-1023,Tiago,Pedra Branca,COM12,Sim,TC_0023.pdf,Sim,IMG_0023.jpg,Sim,DC_0023.pdf,2026-04-14,2026-04-14,Repositorio_DSP,Validado,Paula,
24,UUID-1024,Ana,Rio Claro,COM01,Sim,TC_0024.pdf,Sim,IMG_0024.jpg,Sim,DC_0024.pdf,2026-04-15,2026-04-15,Repositorio_DSP,Validado,Marina,
25,UUID-1025,Carlos,Santa Aurora,COM02,Sim,TC_0025.pdf,Sim,IMG_0025.jpg,Sim,DC_0025.pdf,2026-04-16,2026-04-16,Repositorio_DSP,Validado,João,
26,UUID-1026,Júlia,Vale Verde,COM03,Sim,TC_0026.pdf,Sim,IMG_0026.jpg,Não,,2026-04-17,2026-04-17,Repositorio_DSP,Validado,Paula,
27,UUID-1027,Pedro,Serra Azul,COM04,Sim,TC_0027.pdf,Sim,IMG_0027.jpg,Sim,DC_0027.pdf,2026-04-18,2026-04-18,Repositorio_DSP,Validado,Marina,
28,UUID-1028,Rafaela,Boa Esperança,COM05,Sim,TC_0028.pdf,Sim,IMG_0028.jpg,Sim,DC_0028.pdf,2026-04-19,2026-04-19,Repositorio_DSP,Validado,João,
29,UUID-1029,Tiago,Lagoa Nova,COM06,Sim,TC_0029.pdf,Sim,IMG_0029.jpg,Sim,DC_0029.pdf,2026-04-20,2026-04-20,Repositorio_DSP,Validado,Paula,
30,UUID-1030,Ana,São Miguel do Norte,COM07,Sim,TC_0030.pdf,Sim,IMG_0030.jpg,Sim,DC_0030.pdf,2026-04-21,2026-04-21,Repositorio_DSP,Validado,Marina,
31,UUID-1031,Carlos,Pedra Branca,COM08,Sim,TC_0031.pdf,Sim,IMG_0031.jpg,Sim,DC_0031.pdf,2026-04-22,2026-04-22,Repositorio_DSP,Validado,João,
32,UUID-1032,Júlia,Rio Claro,COM09,Sim,TC_0032.pdf,Sim,IMG_0032.jpg,Sim,DC_0032.pdf,2026-04-23,2026-04-23,Repositorio_DSP,Validado,Paula,
33,UUID-1033,Pedro,Santa Aurora,COM10,Sim,TC_0033.pdf,Sim,IMG_0033.jpg,Sim,DC_0033.pdf,2026-04-24,2026-04-24,Repositorio_DSP,Validado,Marina,
34,UUID-1034,Rafaela,Vale Verde,COM11,Sim,TC_0034.pdf,Sim,IMG_0034.jpg,Sim,DC_0034.pdf,2026-04-25,2026-03-30,Repositorio_DSP,Validado,João,
35,UUID-1035,Tiago,Serra Azul,COM12,Sim,TC_0035.pdf,Sim,IMG_0035.jpg,Sim,DC_0035.pdf,2026-04-26,2026-04-26,Repositorio_DSP,Validado,Paula,
36,UUID-1036,Ana,Boa Esperança,COM01,Sim,TC_0036.pdf,Sim,IMG_0036.jpg,Sim,DC_0036.pdf,2026-04-27,2026-04-27,Repositorio_DSP,Validado,Marina,
37,UUID-1037,Carlos,Lagoa Nova,COM02,Sim,TC_0037.pdf,Sim,IMG_0037.jpg,Sim,DC_0037.pdf,2026-04-28,2026-04-28,Repositorio_DSP,Validado,João,
38,UUID-1038,Júlia,São Miguel do Norte,COM03,Sim,TC_0038.pdf,Sim,IMG_0038.jpg,Sim,DC_0038.pdf,2026-04-10,2026-04-10,Repositorio_DSP,Validado,Paula,
39,UUID-1039,Pedro,Pedra Branca,COM04,Sim,TC_0039.pdf,Sim,IMG_0039.jpg,Sim,DC_0039.pdf,2026-04-11,2026-04-11,Repo_Teste,Validado,Marina,
40,UUID-1040,Rafaela,Rio Claro,COM05,Sim,TC_0040.pdf,Sim,IMG_0040.jpg,Sim,DC_0040.pdf,2026-04-12,2026-04-12,Repositorio_DSP,Validado,João,
41,UUID-1041,Tiago,Santa Aurora,COM06,Sim,TC_0041.pdf,Sim,IMG_0041.jpg,Sim,DC_0041.pdf,2026-04-13,2026-04-13,Repositorio_DSP,Validado,Paula,
42,UUID-1042,Ana,Vale Verde,COM07,Sim,TC_0042.pdf,Sim,IMG_0042.jpg,Sim,DC_0042.pdf,2026-04-14,2026-04-14,Repositorio_DSP,Validado,Marina,
43,UUID-1043,Carlos,Serra Azul,COM08,Sim,TC_0043.pdf,Sim,IMG_0043.jpg,Sim,DC_0043.pdf,2026-04-15,2026-04-15,Repositorio_DSP,Validado,João,
44,UUID-1044,Júlia,Boa Esperança,COM09,Sim,TC_0044.pdf,Sim,IMG_0044.jpg,Sim,DC_0044.pdf,2026-04-16,2026-04-16,Repositorio_DSP,Pendente,Paula,
45,UUID-1045,Pedro,Lagoa Nova,COM10,Sim,TC_0045.pdf,Sim,IMG_0045.jpg,Sim,DC_0045.pdf,2026-04-17,2026-04-17,Repositorio_DSP,Validado,Marina,
46,UUID-1046,Rafaela,São Miguel do Norte,COM11,Sim,TC_0046.pdf,Sim,IMG_0046.jpg,Sim,DC_0046.pdf,2026-04-18,2026-04-18,Repositorio_DSP,Validado,João,
47,UUID-1047,Tiago,Pedra Branca,COM12,Sim,TC_0047.pdf,Sim,IMG_0047.jpg,Sim,DC_0047.pdf,2026-04-19,2026-04-19,Repositorio_DSP,Validado,Paula,
48,UUID-1048,Ana,Rio Claro,COM01,Sim,TC_0048.pdf,Sim,IMG_0048.jpg,Sim,DC_0048.pdf,2026-04-20,2026-04-20,Repositorio_DSP,Validado,Marina,
49,UUID-1049,Carlos,Santa Aurora,COM02,Sim,TC_0049.pdf,Sim,IMG_0049.jpg,Sim,DC_0049.pdf,2026-04-21,2026-04-21,Repositorio_DSP,Validado,João,
50,UUID-1050,Júlia,Vale Verde,COM03,Sim,TC_0050.pdf,Sim,IMG_0050.jpg,Sim,DC_0050.pdf,2026-04-22,2026-04-22,Repositorio_DSP,Validado,Paula,
51,UUID-9999,Pedro,Serra Azul,COM04,Sim,TC_0051.pdf,Sim,IMG_0051.jpg,Sim,DC_0051.pdf,2026-04-23,2026-04-23,Repositorio_DSP,Validado,Marina,
52,UUID-1052,Rafaela,Boa Esperança,COM05,Sim,TC_0052.pdf,Sim,IMG_0052.jpg,Sim,DC_0052.pdf,2026-04-24,2026-04-24,Repositorio_DSP,Validado,João,
53,UUID-1053,Tiago,Lagoa Nova,COM06,Sim,TC_0053.pdf,Sim,IMG_0053.jpg,Sim,DC_0053.pdf,2026-04-25,2026-04-25,Repositorio_DSP,Validado,Paula,
54,UUID-1054,Ana,São Miguel do Norte,COM07,Sim,TC_0054.pdf,Sim,IMG_0054.jpg,Sim,DC_0054.pdf,2026-04-26,2026-04-26,Repositorio_DSP,Validado,Marina,
55,UUID-1055,Carlos,Pedra Branca,COM08,Sim,TC_0055.pdf,Sim,IMG_0055.jpg,Sim,DC_0055.pdf,2026-04-27,2026-04-27,Repositorio_DSP,Validado,João,
56,UUID-1056,Júlia,Rio Claro,COM09,Sim,TC_0056.pdf,Sim,IMG_0056.jpg,Sim,DC_0056.pdf,2026-04-28,2026-04-28,Repositorio_DSP,Validado,Paula,
57,UUID-1057,Pedro,Santa Aurora,COM10,Sim,TC_0057.pdf,Sim,IMG_0057.jpg,Sim,DC_0057.pdf,2026-04-10,2026-04-10,Repositorio_DSP,Validado,Marina,
58,UUID-1058,Rafaela,Vale Verde,COM11,Sim,TC_0058.pdf,Sim,IMG_0058.jpg,Sim,DC_0058.pdf,2026-04-11,2026-04-11,Repositorio_DSP,Validado,João,
59,UUID-1059,Tiago,Serra Azul,COM12,Sim,TC_0059.pdf,Sim,IMG_0059.jpg,Sim,DC_0059.pdf,2026-04-12,2026-04-12,Repositorio_DSP,Validado,Paula,
60,UUID-1060,Ana,Boa Esperança,COM01,Sim,TC_0060.pdf,Sim,IMG_0060.jpg,Sim,DC_0060.pdf,2026-04-13,2026-04-13,Repositorio_DSP,Validado,Marina,
61,UUID-1061,Carlos,Lagoa Nova,COM02,Sim,TC_0061.pdf,Sim,IMG_0061.jpg,Sim,DC_0061.pdf,2026-04-14,2026-04-14,Repositorio_DSP,Validado,João,
62,UUID-1062,Júlia,São Miguel do Norte,COM03,Sim,TC_0062.pdf,Sim,IMG_0062.jpg,Sim,DC_0062.pdf,2026-04-15,2026-04-15,Repositorio_DSP,Validado,Paula,
63,UUID-1063,Pedro,Pedra Branca,COM04,Sim,TC_0063.pdf,Sim,IMG_0063.jpg,Sim,DC_0063.pdf,2026-04-16,2026-04-16,Repositorio_DSP,Validado,Marina,
64,UUID-1064,Rafaela,Rio Claro,COM05,Sim,TC_0064.pdf,Sim,IMG_0064.jpg,Sim,DC_0064.pdf,2026-04-17,2026-04-17,Repositorio_DSP,Validado,João,
65,UUID-1065,Tiago,Santa Aurora,COM06,Sim,TC_0065.pdf,Sim,IMG_0065.jpg,Sim,DC_0065.pdf,2026-04-18,2026-04-18,Repositorio_DSP,Validado,Paula,
66,UUID-1066,Ana,Vale Verde,COM07,Sim,TC_0066.pdf,Sim,IMG_0066.jpg,Sim,DC_0066.pdf,2026-04-19,2026-04-19,Repositorio_DSP,Validado,Marina,
67,UUID-1067,Carlos,Serra Azul,COM08,Sim,TC_0067.pdf,Sim,IMG_0067.jpg,Sim,DC_0067.pdf,2026-04-20,2026-04-20,Repositorio_DSP,Validado,João,
68,UUID-1068,Júlia,Boa Esperança,COM09,Sim,TC_0068.pdf,Sim,IMG_0068.jpg,Sim,DC_0068.pdf,2026-04-21,2026-04-21,Repositorio_DSP,Validado,Paula,
69,UUID-1069,Pedro,Lagoa Nova,COM10,Sim,TC_0069.pdf,Sim,IMG_0069.jpg,Sim,DC_0069.pdf,2026-04-22,2026-04-22,Repositorio_DSP,Validado,Marina,
70,UUID-1070,Rafaela,São Miguel do Norte,COM11,Sim,TC_0070.pdf,Sim,IMG_0070.jpg,Sim,DC_0070.pdf,2026-04-23,2026-04-23,Repositorio_DSP,Validado,João,
71,UUID-1071,Tiago,Pedra Branca,COM12,Sim,TC_0071.pdf,Sim,IMG_0071.jpg,Sim,DC_0071.pdf,2026-04-24,2026-04-24,Repositorio_DSP,Validado,Paula,
72,UUID-1072,Ana,Rio Claro,COM01,Sim,TC_0072.pdf,Sim,IMG_0072.jpg,Sim,DC_0072.pdf,2026-04-25,2026-04-25,Repositorio_DSP,Validado,Marina,
73,UUID-1073,Carlos,Santa Aurora,COM02,Sim,TC_0073.pdf,Sim,IMG_0073.jpg,Sim,DC_0073.pdf,2026-04-26,2026-04-26,Repositorio_DSP,Validado,João,
74,UUID-1074,Júlia,Vale Verde,COM03,Sim,TC_0075.docx,Sim,IMG_0074.jpg,Sim,DC_0074.pdf,2026-04-27,2026-04-27,Repositorio_DSP,Validado,Paula,
75,UUID-1075,Pedro,Serra Azul,COM04,Sim,TC_0075.pdf,Sim,IMG_0075.jpg,Sim,DC_0075.pdf,2026-04-28,2026-04-28,Repositorio_DSP,Validado,Marina,
76,UUID-1076,Rafaela,Boa Esperança,COM05,Sim,TC_0076.pdf,Sim,IMG_0076.jpg,Sim,DC_0076.pdf,2026-04-10,2026-04-10,Repositorio_DSP,Validado,João,
77,UUID-1077,Tiago,Lagoa Nova,COM06,Sim,TC_0077.pdf,Sim,IMG_0077.jpg,Sim,DC_0077.pdf,2026-04-11,2026-04-11,Repositorio_DSP,Validado,Paula,
78,UUID-1078,Ana,São Miguel do Norte,COM07,Sim,TC_0078.pdf,Sim,IMG_0078.jpg,Sim,DC_0078.pdf,2026-04-12,2026-04-12,Repositorio_DSP,Validado,Marina,
79,UUID-1079,Carlos,Pedra Branca,COM08,Sim,TC_0079.pdf,Sim,IMG_0079.jpg,Sim,DC_0079.pdf,2026-04-13,2026-04-13,Repositorio_DSP,Validado,João,
80,UUID-1080,Júlia,Rio Claro,COM09,Sim,TC_0080.pdf,Sim,IMG_0080.jpg,Sim,DC_0080.pdf,2026-04-14,2026-04-14,Repositorio_DSP,Validado,Paula,
81,UUID-1081,Pedro,Santa Aurora,COM10,Sim,TC_0081.pdf,Sim,IMG_0081.jpg,Sim,DC_0081.pdf,2026-04-15,2026-04-15,Repositorio_DSP,Validado,Marina,
82,UUID-1082,Rafaela,Vale Verde,COM11,Sim,TC_0082.pdf,Sim,IMG_0082.jpg,Sim,DC_0082.pdf,2026-04-16,2026-04-16,Repositorio_DSP,Validado,João,
83,UUID-1083,Tiago,Serra Azul,COM12,Sim,TC_0083.pdf,Sim,IMG_0083.jpg,Sim,DC_0083.pdf,2026-04-17,2026-04-17,Repositorio_DSP,Validado,Paula,
84,UUID-1084,Ana,Boa Esperança,COM01,Sim,TC_0084.pdf,Sim,IMG_0084.jpg,Sim,DC_0084.pdf,2026-04-18,2026-04-18,Repositorio_DSP,Validado,Marina,
85,UUID-1085,Carlos,Lagoa Nova,COM02,Sim,TC_0085.pdf,Sim,IMG_0085.jpg,Sim,DC_0085.pdf,2026-04-19,2026-04-19,Repositorio_DSP,Validado,João,
86,UUID-1086,Júlia,São Miguel do Norte,COM03,Sim,TC_0086.pdf,Sim,IMG_0086.jpg,Sim,DC_0086.pdf,2026-04-20,2026-04-20,Repositorio_DSP,Validado,Paula,
87,UUID-1087,Pedro,Pedra Branca,COM04,Sim,TC_0087.pdf,Sim,foto final FINAL.jpg,Sim,DC_0087.pdf,2026-04-21,2026-04-21,Repositorio_DSP,Validado,Marina,
88,UUID-1088,Rafaela,Rio Claro,COM05,Sim,TC_0088.pdf,Sim,IMG_0088.jpg,Sim,DC_0088.pdf,2026-04-22,2026-04-22,Repositorio_DSP,Validado,João,
89,UUID-1089,Tiago,Santa Aurora,COM06,Sim,TC_0089.pdf,Sim,IMG_0089.jpg,Sim,DC_0089.pdf,2026-04-23,2026-04-23,Repositorio_DSP,Validado,Paula,
90,UUID-1090,Ana,Vale Verde,COM07,Sim,TC_0090.pdf,Sim,IMG_0090.jpg,Sim,DC_0090.pdf,2026-04-24,2026-04-24,Repositorio_DSP,Validado,Marina,
91,UUID-1091,Carlos,Serra Azul,COM08,Sim,TC_0091.pdf,Sim,IMG_0091.jpg,Sim,DC_0091.pdf,2026-04-25,2026-04-25,Repositorio_DSP,Validado,João,
92,UUID-1092,Júlia,Boa Esperança,COM09,Sim,TC_0092.pdf,Sim,IMG_0092.jpg,Sim,DC_0092.pdf,2026-04-26,2026-04-26,Repositorio_DSP,Validado,Paula,
93,UUID-1093,Pedro,Lagoa Nova,COM10,Sim,TC_0093.pdf,Sim,IMG_0093.jpg,Sim,DC_0093.pdf,2026-04-27,2026-04-27,Repositorio_DSP,Validado,Marina,
94,UUID-1094,Rafaela,São Miguel do Norte,COM11,Sim,TC_0094.pdf,Sim,IMG_0094.jpg,Sim,DC_0094.pdf,2026-04-28,2026-04-28,Repositorio_DSP,Validado,João,
95,UUID-1095,Tiago,Pedra Branca,COM12,Sim,TC_0095.pdf,Sim,IMG_0095.jpg,Sim,DC_0095.pdf,2026-04-10,2026-04-10,Repositorio_DSP,Validado,Paula,
96,UUID-1096,Ana,Rio Claro,COM01,Sim,TC_0096.pdf,Sim,IMG_0096.jpg,Sim,DC_0096.pdf,2026-04-11,2026-04-11,Repositorio_DSP,Validado,Marina,
97,UUID-1097,Carlos,Santa Aurora,COM02,Sim,TC_0097.pdf,Sim,IMG_0097.jpg,Sim,DC_0097.pdf,2026-04-12,2026-04-12,Repositorio_DSP,Validado,João,
98,UUID-1098,Júlia,Vale Verde,COM03,Sim,TC_0098.pdf,Sim,IMG_0098.jpg,Sim,DC_0098.pdf,2026-04-13,2026-04-13,Repositorio_DSP,Validado,Paula,
99,UUID-1099,Fulano,Serra Azul,COM04,Sim,TC_0099.pdf,Sim,IMG_0099.jpg,Sim,DC_0099.pdf,2026-04-14,2026-04-14,Repositorio_DSP,Validado,Marina,
100,UUID-1100,Rafaela,Boa Esperança,COM05,Sim,TC_0100.pdf,Sim,IMG_0100.jpg,Sim,DC_0100.pdf,2026-04-15,2026-04-15,Repositorio_DSP,Validado,João,
101,UUID-1101,Tiago,Lagoa Nova,COM06,Sim,TC_0101.pdf,Sim,IMG_0101.jpg,Sim,DC_0101.pdf,2026-04-16,2026-04-16,Repositorio_DSP,Validado,Paula,
102,UUID-1102,Ana,São Miguel do Norte,COM07,Sim,TC_0102.pdf,Sim,IMG_0102.jpg,Sim,DC_0102.pdf,2026-04-17,2026-04-17,Repositorio_DSP,Validado,Marina,
103,UUID-1103,Carlos,Pedra Branca,COM08,Sim,TC_0103.pdf,Sim,IMG_0103.jpg,Sim,DC_0103.pdf,2026-04-18,2026-04-18,Repositorio_DSP,Validado,João,
104,UUID-1104,Júlia,Rio Claro,COM09,Sim,TC_0104.pdf,Sim,IMG_0104.jpg,Sim,DC_0104.pdf,2026-04-19,2026-04-19,Repositorio_DSP,Validado,Paula,
105,UUID-1105,Pedro,Santa Aurora,COM10,Sim,TC_0105.pdf,Sim,IMG_0105.jpg,Sim,DC_0105.pdf,2026-04-20,2026-04-20,Repositorio_DSP,Validado,Marina,
106,UUID-1106,Rafaela,Vale Verde,COM11,Sim,TC_0106.pdf,Sim,IMG_0106.jpg,Sim,DC_0106.pdf,2026-04-21,2026-04-21,Repositorio_DSP,Validado,João,
107,UUID-1107,Tiago,Serra Azul,COM12,Sim,TC_0107.pdf,Sim,IMG_0107.jpg,Sim,DC_0107.pdf,2026-04-22,2026-04-22,Repositorio_DSP,Validado,Paula,
108,UUID-1108,Ana,Boa Esperança,COM01,Sim,TC_0108.pdf,Sim,IMG_0108.jpg,Sim,DC_0108.pdf,2026-04-23,2026-04-23,Repositorio_DSP,Validado,Marina,
109,UUID-1109,Carlos,Lagoa Nova,COM02,Sim,TC_0109.pdf,Sim,IMG_0109.jpg,Sim,DC_0109.pdf,2026-04-24,2026-04-24,Repositorio_DSP,Validado,João,
110,UUID-1110,Júlia,São Miguel do Norte,COM03,Sim,TC_0110.pdf,Sim,IMG_0110.jpg,Sim,DC_0110.pdf,2026-04-25,2026-04-25,Repositorio_DSP,Validado,Paula,
111,UUID-1111,Pedro,Pedra Branca,COM04,Sim,TC_0111.pdf,Sim,IMG_0111.jpg,Sim,DC_0111.pdf,2026-04-26,2026-04-26,Repositorio_DSP,Validado,Marina,
112,UUID-1112,Rafaela,Rio Claro,COM05,Sim,TC_0112.pdf,Sim,IMG_0112.jpg,Sim,DC_0112.pdf,2026-04-27,2026-04-27,Repositorio_DSP,Validado,João,
113,UUID-1113,Tiago,Santa Aurora,COM06,Sim,TC_0113.pdf,Sim,IMG_0113.jpg,Sim,DC_0113.pdf,2026-04-28,2026-04-28,Repositorio_DSP,Validado,Paula,
114,UUID-1114,Ana,Vale Verde,COM07,Sim,TC_0114.pdf,Sim,IMG_0114.jpg,Sim,DC_0114.pdf,2026-04-10,2026-04-10,Repositorio_DSP,Validado,Marina,
115,UUID-1115,Carlos,Serra Azul,COM08,Sim,TC_0115.pdf,Sim,IMG_0115.jpg,Sim,DC_0115.pdf,2026-04-11,2026-04-11,Repositorio_DSP,Validado,João,
116,UUID-1116,Júlia,Boa Esperança,COM09,Sim,TC_0116.pdf,Sim,IMG_0116.jpg,Sim,DC_0116.pdf,2026-04-12,2026-04-12,Repositorio_DSP,Validado,Paula,
117,UUID-1117,Pedro,Lagoa Nova,COM10,Sim,TC_0117.pdf,Sim,IMG_0117.jpg,Sim,DC_0117.pdf,2026-04-13,2026-04-13,Repositorio_DSP,Validado,Marina,
118,UUID-1118,Rafaela,São Miguel do Norte,COM11,Sim,TC_0118.pdf,Sim,IMG_0118.jpg,Sim,DC_0118.pdf,2026-04-14,2026-04-14,Repositorio_DSP,Validado,João,
119,UUID-1119,Tiago,Pedra Branca,COM12,Sim,TC_0119.pdf,Sim,IMG_0119.jpg,Sim,DC_0119.pdf,2026-04-15,2026-04-15,Repositorio_DSP,Validado,,
120,UUID-1120,Ana,Rio Claro,COM01,Sim,TC_0120.pdf,Sim,IMG_0120.jpg,Sim,DC_0120.pdf,2026-04-16,2026-04-16,Repositorio_DSP,Validado,Marina,
121,UUID-1121,Carlos,Santa Aurora,COM02,Sim,TC_0121.pdf,Sim,IMG_0121.jpg,Sim,DC_0121.pdf,2026-04-17,2026-04-17,Repositorio_DSP,Validado,João,
122,UUID-1122,Júlia,Vale Verde,COM03,Sim,TC_0122.pdf,Sim,IMG_0122.jpg,Sim,DC_0122.pdf,2026-04-18,2026-04-18,Repositorio_DSP,Validado,Paula,
123,UUID-1123,Pedro,Serra Azul,COM04,Sim,TC_0123.pdf,Sim,IMG_0123.jpg,Sim,DC_0123.pdf,2026-04-19,2026-04-19,Repositorio_DSP,Validado,Marina,
124,UUID-1124,Rafaela,Boa Esperança,COM05,Sim,TC_0124.pdf,Sim,IMG_0124.jpg,Sim,DC_0124.pdf,2026-04-20,2026-04-20,Repositorio_DSP,Validado,João,
125,UUID-1125,Tiago,Lagoa Nova,COM06,Sim,TC_0125.pdf,Sim,IMG_0125.jpg,Sim,DC_0125.pdf,2026-04-21,2026-04-21,Repositorio_DSP,Validado,Paula,
126,UUID-1126,Ana,São Miguel do Norte,COM07,Sim,TC_0126.pdf,Sim,IMG_0126.jpg,Sim,DC_0126.pdf,2026-04-22,2026-04-22,Repositorio_DSP,Validado,Marina,
127,UUID-1127,Carlos,Pedra Branca,COM08,Sim,TC_0127.pdf,Sim,IMG_0127.jpg,Sim,DC_0127.pdf,2026-04-23,2026-04-23,Repositorio_DSP,Validado,João,
128,UUID-1128,Júlia,Rio Claro,COM09,Sim,TC_0128.pdf,Sim,IMG_0128.jpg,Sim,DC_0128.pdf,2026-04-24,2026-04-24,Repositorio_DSP,Validado,Paula,
129,UUID-1129,Pedro,Santa Aurora,COM10,Sim,TC_0129.pdf,Sim,IMG_0129.jpg,Sim,DC_0129.pdf,2026-04-25,2026-04-25,Repositorio_DSP,Validado,Marina,
130,UUID-1130,Rafaela,Vale Verde,COM11,Sim,TC_0130.pdf,Sim,IMG_0130.jpg,Sim,DC_0130.pdf,2026-04-26,2026-04-26,Repositorio_DSP,Validado,João,
131,UUID-1131,Tiago,Serra Azul,COM12,Sim,TC_0131.pdf,Sim,IMG_0131.jpg,Sim,DC_0131.pdf,2026-04-27,2026-04-27,Repositorio_DSP,Validado,Paula,
132,UUID-1132,Ana,Boa Esperança,COM01,Sim,TC_0132.pdf,Sim,IMG_0132.jpg,Sim,DC_0132.pdf,2026-04-28,2026-04-28,Repositorio_DSP,Validado,Marina,
133,UUID-1133,Carlos,Lagoa Nova,COM02,Sim,TC_0133.pdf,Sim,IMG_0133.jpg,Sim,DC_0133.pdf,2026-04-10,2026-04-10,Repositorio_DSP,Validado,João,
134,UUID-1134,Júlia,São Miguel do Norte,COM03,Sim,TC_0134.pdf,Sim,IMG_0134.jpg,Sim,DC_0134.pdf,2026-04-11,2026-04-11,Repositorio_DSP,Validado,Paula,Termo ilegível
135,UUID-1135,Pedro,Pedra Branca,COM04,Sim,TC_0135.pdf,Sim,IMG_0135.jpg,Sim,DC_0135.pdf,2026-04-12,2026-04-12,Repositorio_DSP,Validado,Marina,
136,UUID-1136,Rafaela,Rio Claro,COM05,Sim,TC_0136.pdf,Sim,IMG_0136.jpg,Sim,DC_0136.pdf,2026-04-13,2026-04-13,Repositorio_DSP,Validado,João,
137,UUID-1137,Tiago,Santa Aurora,COM06,Sim,TC_0137.pdf,Sim,IMG_0137.jpg,Sim,DC_0137.pdf,2026-04-14,2026-04-14,Repositorio_DSP,Validado,Paula,
138,UUID-1138,Ana,Vale Verde,COM07,Sim,TC_0138.pdf,Sim,IMG_0138.jpg,Sim,DC_0138.pdf,2026-04-15,2026-04-15,Repositorio_DSP,Validado,Marina,
139,UUID-1139,Carlos,Serra Azul,COM08,Sim,TC_0139.pdf,Sim,IMG_0139.jpg,Sim,DC_0139.pdf,2026-04-16,2026-04-16,Repositorio_DSP,Validado,João,
140,UUID-1140,Júlia,Boa Esperança,COM09,Sim,TC_0140.pdf,Sim,IMG_0140.jpg,Sim,DC_0140.pdf,2026-04-17,2026-04-17,Repositorio_DSP,Validado,Paula,
141,UUID-1141,Pedro,Lagoa Nova,COM10,Sim,TC_0141.pdf,Sim,IMG_0141.jpg,Sim,DC_0141.pdf,2026-04-18,2026-04-18,Repositorio_DSP,Validado,Marina,
142,UUID-1142,Rafaela,São Miguel do Norte,COM11,Sim,TC_0142.pdf,Sim,IMG_0142.jpg,Sim,DC_0142.pdf,2026-04-19,2026-04-19,Repositorio_DSP,Validado,João,
143,UUID-1143,Tiago,Pedra Branca,COM12,Sim,TC_0143.pdf,Sim,IMG_0143.jpg,Sim,DC_0143.pdf,2026-04-20,2026-04-20,Repositorio_DSP,Validado,Paula,
144,UUID-1144,Ana,Rio Claro,COM01,Sim,TC_0144.pdf,Sim,IMG_0144.jpg,Sim,DC_0144.pdf,2026-04-21,2026-04-21,Repositorio_DSP,Validado,Marina,
145,UUID-1145,Carlos,Santa Aurora,COM02,Sim,TC_0145.pdf,Sim,IMG_0145.jpg,Sim,DC_0145.pdf,2026-04-22,2026-04-22,Repositorio_DSP,Validado,João,
146,UUID-1146,Júlia,Vale Verde,COM03,Sim,TC_0146.pdf,Sim,IMG_0146.jpg,Sim,DC_0146.pdf,2026-04-23,2026-04-23,Repositorio_DSP,Validado,Paula,
147,UUID-1147,Pedro,Serra Azul,COM04,Sim,TC_0147.pdf,Sim,IMG_0147.jpg,Sim,DC_0147.pdf,2026-04-24,2026-04-24,Repositorio_DSP,Validado,Marina,
148,UUID-1148,Rafaela,Boa Esperança,COM05,Sim,TC_0148.pdf,Sim,IMG_0148.jpg,Sim,DC_0148.pdf,2026-04-25,2026-04-25,Repositorio_DSP,Validado,João,
149,UUID-1149,Tiago,Lagoa Nova,COM06,Sim,TC_0149.pdf,Sim,IMG_0149.jpg,Sim,,2026-04-26,2026-04-26,Repositorio_DSP,Validado,Paula,
150,UUID-1150,Ana,São Miguel do Norte,COM07,Sim,TC_0150.pdf,Sim,IMG_0150.jpg,Sim,DC_0150.pdf,2026-04-27,2026-04-27,Repositorio_DSP,Validado,Marina,
151,UUID-1151,Carlos,Pedra Branca,COM08,Sim,TC_0151.pdf,Sim,IMG_0151.jpg,Sim,DC_0151.pdf,2026-04-28,2026-04-28,Repositorio_DSP,Validado,João,
152,UUID-1152,Júlia,Rio Claro,COM09,Sim,TC_0152.pdf,Sim,IMG_0152.jpg,Sim,DC_0152.pdf,2026-04-10,2026-04-10,Repositorio_DSP,Validado,Paula,
153,UUID-1153,Pedro,Santa Aurora,COM10,Sim,TC_0153.pdf,Sim,IMG_0153.jpg,Sim,DC_0153.pdf,2026-04-11,2026-04-11,Repositorio_DSP,Validado,Marina,
154,UUID-1154,Rafaela,Vale Verde,COM11,Sim,TC_0154.pdf,Sim,IMG_0154.jpg,Sim,DC_0154.pdf,2026-04-12,2026-04-12,Repositorio_DSP,Validado,João,
155,UUID-1155,Tiago,Serra Azul,COM12,Sim,TC_0155.pdf,Sim,IMG_0155.jpg,Sim,DC_0155.pdf,2026-04-13,2026-04-13,Repositorio_DSP,Validado,Paula,
156,UUID-1156,Ana,Boa Esperança,COM01,Sim,TC_0156.pdf,Sim,IMG_0156.jpg,Sim,DC_0156.pdf,2026-04-14,2026-04-14,Repositorio_DSP,Validado,Marina,
157,UUID-1157,Carlos,Lagoa Nova,COM02,Sim,TC_0157.pdf,Sim,IMG_0157.jpg,Sim,DC_0157.pdf,2026-04-15,2026-04-15,Repositorio_DSP,Validado,João,
158,UUID-1158,Júlia,São Miguel do Norte,COM03,Sim,TC_0158.pdf,Sim,IMG_0158.jpg,Sim,DC_0158.pdf,2026-04-16,2026-04-16,Repositorio_DSP,Validado,Paula,
159,UUID-1159,Pedro,Pedra Branca,COM04,Sim,TC_0159.pdf,Sim,IMG_0159.jpg,Sim,DC_0159.pdf,2026-04-17,2026-04-17,Repositorio_DSP,Validado,Marina,
160,UUID-1160,Rafaela,Rio Claro,COM05,Sim,TC_0160.pdf,Sim,IMG_0160.jpg,Sim,DC_0160.pdf,2026-04-18,2026-04-18,Repositorio_DSP,Validado,João,
161,UUID-1161,Tiago,Santa Aurora,COM06,Sim,TC_0161.pdf,Sim,IMG_0161.jpg,Sim,DC_0161.pdf,2026-04-19,2026-04-19,Repositorio_DSP,Validado,Paula,
162,UUID-1162,Ana,Vale Verde,COM07,Sim,TC_0162.pdf,Sim,IMG_0162.jpg,Sim,DC_0162.pdf,2026-04-20,2026-04-20,Repositorio_DSP,Validado,Marina,
163,UUID-1163,Carlos,Serra Azul,COM08,Sim,TC_0163.pdf,Sim,IMG_0163.jpg,Sim,DC_0163.pdf,2026-04-21,2026-04-21,Repositorio_DSP,Validado,João,
164,UUID-1164,Júlia,Boa Esperança,COM09,Sim,TC_0164.pdf,Sim,IMG_0164.jpg,Sim,DC_0164.pdf,2026-04-22,2026-04-22,Repositorio_DSP,Validado,Paula,
165,UUID-1165,Pedro,Lagoa Nova,COM10,Sim,TC_0165.pdf,Sim,IMG_0165.jpg,Sim,DC_0165.pdf,2026-04-23,2026-04-23,Repositorio_DSP,Validado,Marina,
166,UUID-1166,Rafaela,São Miguel do Norte,COM11,Sim,TC_0166.pdf,Sim,IMG_0166.jpg,Sim,DC_0166.pdf,2026-04-24,2026-04-24,Repositorio_DSP,Validado,João,
167,UUID-1167,Tiago,Pedra Branca,COM12,Sim,TC_0167.pdf,Sim,IMG_0167.jpg,Sim,DC_0167.pdf,2026-04-25,2026-04-25,Repositorio_DSP,Validado,Paula,
168,UUID-1168,Ana,Rio Claro,COM01,Sim,TC_0168.pdf,Sim,IMG_0168.jpg,Sim,DC_0168.pdf,2026-04-26,2026-04-26,Repositorio_DSP,Validado,Marina,
169,UUID-1169,Carlos,Santa Aurora,COM02,Sim,TC_0169.pdf,Sim,IMG_0169.jpg,Sim,DC_0169.pdf,2026-04-27,2026-04-27,Repositorio_DSP,Validado,João,
170,UUID-1170,Júlia,Vale Verde,COM03,Sim,TC_0170.pdf,Sim,IMG_0170.jpg,Sim,DC_0170.pdf,2026-04-28,2026-04-28,Repositorio_DSP,Validado,Paula,
171,UUID-1171,Pedro,Serra Azul,COM04,Sim,TC_0171.pdf,Sim,IMG_0171.jpg,Sim,DC_0171.pdf,2026-04-10,2026-04-10,Repositorio_DSP,Validado,Marina,
172,UUID-1172,Rafaela,Boa Esperança,COM05,Sim,TC_0172.pdf,Sim,IMG_0172.jpg,Sim,DC_0172.pdf,2026-04-11,2026-04-11,Repositorio_DSP,Validado,João,
173,UUID-1173,Tiago,Lagoa Nova,COM06,Sim,TC_0173.pdf,Sim,IMG_0173.jpg,Sim,DC_0173.pdf,2026-04-12,2026-04-12,Repositorio_DSP,Validado,Paula,
174,UUID-1174,Ana,São Miguel do Norte,COM07,Sim,TC_0174.pdf,Sim,IMG_0174.jpg,Sim,DC_0174.pdf,2026-04-13,2026-04-13,Repositorio_DSP,Validado,Marina,
175,UUID-1175,Carlos,Pedra Branca,COM08,Sim,TC_0175.pdf,Sim,IMG_0175.jpg,Sim,DC_0175.pdf,2026-04-14,2026-04-14,Repositorio_DSP,Validado,João,
176,UUID-1176,Júlia,Rio Claro,COM09,Sim,TC_0176.pdf,Sim,IMG_0176.jpg,Sim,DC_0176.pdf,2026-04-15,2026-04-15,Repositorio_DSP,Validado,Paula,
177,UUID-1177,Pedro,Santa Aurora,COM10,Sim,TC_0177.pdf,Sim,IMG_0177.jpg,Sim,DC_0177.pdf,2026-04-16,2026-04-16,Repositorio_DSP,Validado,Marina,
178,UUID-1178,Rafaela,Vale Verde,COM11,Sim,TC_0178.pdf,Sim,IMG_0178.jpg,Sim,DC_0178.pdf,2026-04-17,2026-04-17,Repositorio_DSP,Validado,João,
179,UUID-1179,Tiago,Serra Azul,COM12,Sim,TC_0179.pdf,Sim,IMG_0179.jpg,Sim,DC_0179.pdf,2026-04-18,2026-04-18,Repositorio_DSP,Validado,Paula,
180,UUID-1180,Ana,Boa Esperança,COM01,Sim,TC_0180.pdf,Sim,IMG_0180.jpg,Sim,DC_0180.pdf,2026-04-19,2026-04-19,Repositorio_DSP,Validado,Marina,
181,UUID-1181,Carlos,Lagoa Nova,COM02,Sim,TC_0181.pdf,Sim,IMG_0181.jpg,Sim,DC_0181.pdf,2026-04-20,2026-04-20,Repositorio_DSP,Validado,João,
182,UUID-1182,Júlia,São Miguel do Norte,COM03,Sim,TC_0182.pdf,Sim,IMG_0182.jpg,Sim,DC_0182.pdf,2026-04-21,2026-04-21,Repositorio_DSP,Validado,Paula,
183,UUID-1183,Pedro,Pedra Branca,COM04,Sim,TC_0183.pdf,Sim,IMG_0183.jpg,Sim,DC_0183.pdf,2026-04-22,2026-04-22,Repositorio_DSP,Validado,Marina,
184,UUID-1184,Rafaela,Rio Claro,COM05,Sim,TC_0184.pdf,Sim,IMG_0184.jpg,Sim,DC_0184.pdf,2026-04-23,2026-04-23,Repositorio_DSP,Validado,João,
185,UUID-1185,Tiago,Santa Aurora,COM06,Sim,TC_0185.pdf,Sim,IMG_0185.jpg,Sim,DC_0185.pdf,2026-04-24,2026-04-24,Repositorio_DSP,Validado,Paula,
186,UUID-1186,Ana,Vale Verde,COM07,Sim,TC_0186.pdf,Sim,IMG_0186.jpg,Sim,DC_0186.pdf,2026-04-25,2026-04-25,Repositorio_DSP,Validado,Marina,
187,UUID-1187,Carlos,Serra Azul,COM08,Sim,TC_0187.pdf,Sim,IMG_0187.jpg,Sim,DC_0187.pdf,2026-04-26,2026-04-26,Repositorio_DSP,Validado,João,
188,UUID-1188,Júlia,Boa Esperança,COM09,Sim,TC_0188.pdf,Sim,IMG_0188.jpg,Sim,DC_0188.pdf,2026-04-27,2026-04-27,Repositorio_DSP,Validado,Paula,
189,UUID-1189,Pedro,Lagoa Nova,COM10,Sim,TC_0189.pdf,Sim,IMG_0189.jpg,Sim,DC_0189.pdf,2026-04-28,2026-12-01,Repositorio_DSP,Validado,Marina,
190,UUID-1190,Rafaela,São Miguel do Norte,COM11,Sim,TC_0190.pdf,Sim,IMG_0190.jpg,Sim,DC_0190.pdf,2026-04-10,2026-04-10,Repositorio_DSP,Validado,João,
191,UUID-1191,Tiago,Pedra Branca,COM12,Sim,TC_0191.pdf,Sim,IMG_0191.jpg,Sim,DC_0191.pdf,2026-04-11,2026-04-11,Repositorio_DSP,Validado,Paula,
192,UUID-1192,Ana,Rio Claro,COM01,Sim,TC_0192.pdf,Sim,IMG_0192.jpg,Sim,DC_0192.pdf,2026-04-12,2026-04-12,Repositorio_DSP,Validado,Marina,
193,UUID-1193,Carlos,Santa Aurora,COM02,Sim,TC_0193.pdf,Sim,IMG_0193.jpg,Sim,DC_0193.pdf,2026-04-13,2026-04-13,Repositorio_DSP,Validado,João,
194,UUID-1194,Júlia,Vale Verde,COM03,Sim,TC_0194.pdf,Sim,IMG_0194.jpg,Sim,DC_0194.pdf,2026-04-14,2026-04-14,Repositorio_DSP,Validado,Paula,
195,UUID-1195,Pedro,Serra Azul,COM04,Sim,TC_0195.pdf,Sim,IMG_0195.jpg,Sim,DC_0195.pdf,2026-04-15,2026-04-15,Repositorio_DSP,Validado,Marina,
196,UUID-1196,Rafaela,Boa Esperança,COM05,Sim,TC_0196.pdf,Sim,IMG_0196.jpg,Sim,DC_0196.pdf,2026-04-16,2026-04-16,Repositorio_DSP,Validado,João,
197,UUID-1197,Tiago,Lagoa Nova,COM06,Sim,TC_0197.pdf,Sim,IMG_0197.jpg,Sim,DC_0197.pdf,2026-04-17,2026-04-17,Repositorio_DSP,Validado,Paula,
198,UUID-1198,Ana,São Miguel do Norte,COM07,Sim,TC_0198.pdf,Sim,IMG_0198.jpg,Sim,DC_0198.pdf,2026-04-18,2026-04-18,Repositorio_DSP,Validado,Marina,
199,UUID-1199,Carlos,Pedra Branca,COM08,Sim,TC_0199.pdf,Sim,IMG_0199.jpg,Sim,DC_0199.pdf,2026-04-19,2026-04-19,Repositorio_DSP,Validado,João,
200,UUID-1200,Júlia,Rio Claro,COM09,Sim,TC_0200.pdf,Sim,IMG_0200.jpg,Sim,DC_0200.pdf,2026-04-20,2026-04-20,Repositorio_DSP,Validado,Paula,
201,UUID-1201,Pedro,Santa Aurora,COM10,Sim,TC_0201.pdf,Sim,IMG_0201.jpg,Sim,DC_0201.pdf,2026-04-21,2026-04-21,Repositorio_DSP,Validado,Marina,
202,UUID-1202,Rafaela,Vale Verde,COM11,Sim,TC_0202.pdf,Sim,IMG_0202.jpg,Sim,DC_0202.pdf,2026-04-22,2026-04-22,Repositorio_DSP,Validado,João,
203,UUID-1203,Tiago,Serra Azul,COM12,Sim,TC_0203.pdf,Sim,IMG_0203.jpg,Sim,DC_0203.pdf,2026-04-23,2026-04-23,Repositorio_DSP,Validado,Paula,
204,UUID-1204,Ana,Boa Esperança,COM01,Sim,TC_0204.pdf,Sim,IMG_0204.jpg,Sim,Diario campo Pedro.pdf,2026-04-24,2026-04-24,Repositorio_DSP,Validado,Marina,
205,UUID-1205,Carlos,Lagoa Nova,COM02,Sim,TC_0205.pdf,Sim,IMG_0205.jpg,Sim,DC_0205.pdf,2026-04-25,2026-04-25,Repositorio_DSP,Validado,João,
206,UUID-1206,Júlia,São Miguel do Norte,COM03,Sim,TC_0206.pdf,Sim,IMG_0206.jpg,Sim,DC_0206.pdf,2026-04-26,2026-04-26,Repositorio_DSP,Validado,Paula,
207,UUID-1207,Pedro,Pedra Branca,COM04,Sim,TC_0207.pdf,Sim,IMG_0207.jpg,Sim,DC_0207.pdf,2026-04-27,2026-04-27,Repositorio_DSP,Validado,Marina,
208,UUID-1208,Rafaela,Rio Claro,COM05,Sim,TC_0208.pdf,Sim,IMG_0208.jpg,Sim,DC_0208.pdf,2026-04-28,2026-04-28,Repositorio_DSP,Validado,João,
209,UUID-1209,Tiago,Santa Aurora,COM06,Sim,TC_0209.pdf,Sim,IMG_0209.jpg,Sim,DC_0209.pdf,2026-04-10,2026-04-10,Repositorio_DSP,Validado,Paula,
210,UUID-1210,Ana,Vale Verde,COM07,Sim,TC_0210.pdf,Sim,IMG_0210.jpg,Sim,DC_0210.pdf,2026-04-11,2026-04-11,Repositorio_DSP,Validado,Marina,
211,UUID-1211,Carlos,Serra Azul,COM08,Sim,TC_0211.pdf,Sim,IMG_0211.jpg,Sim,DC_0211.pdf,2026-04-12,2026-04-12,Repositorio_DSP,Validado,João,
212,UUID-1212,Júlia,Boa Esperança,COM09,Sim,TC_0212.pdf,Sim,IMG_0212.jpg,Sim,DC_0212.pdf,2026-04-13,2026-04-13,Repositorio_DSP,Validado,Paula,
213,UUID-1213,Pedro,Lagoa Nova,COM10,Sim,TC_0213.pdf,Sim,IMG_0213.jpg,Sim,DC_0213.pdf,2026-04-14,2026-04-14,Repositorio_DSP,Validado,Marina,
214,UUID-1214,Rafaela,São Miguel do Norte,COM11,Sim,TC_0214.pdf,Sim,IMG_0214.jpg,Sim,DC_0214.pdf,2026-04-15,2026-04-15,Repositorio_DSP,Validado,João,
215,UUID-1215,Tiago,Pedra Branca,COM12,Sim,TC_0215.pdf,Sim,IMG_0215.jpg,Sim,DC_0215.pdf,2026-04-16,2026-04-16,Repositorio_DSP,Validado,Paula,
216,UUID-1216,Ana,Rio Claro,COM01,Sim,TC_0216.pdf,Sim,IMG_0216.jpg,Sim,DC_0216.pdf,2026-04-17,2026-04-17,Repositorio_DSP,Validado,Marina,
217,UUID-1217,Carlos,Santa Aurora,COM02,Sim,TC_0217.pdf,Sim,IMG_0217.jpg,Sim,DC_0217.pdf,2026-04-18,2026-04-18,Repositorio_DSP,Validado,João,
218,UUID-1218,Júlia,Vale Verde,COM03,Sim,TC_0218.pdf,Sim,IMG_0218.jpg,Sim,DC_0218.pdf,2026-04-19,2026-04-19,Repositorio_DSP,Validado,Paula,
219,UUID-1219,Pedro,Serra Azul,COM04,Não,,Não,,Não,,2026-04-20,2026-04-20,Repositorio_DSP,Validado,Marina,
220,UUID-1220,Rafaela,Boa Esperança,COM05,Sim,TC_0220.pdf,Sim,IMG_0220.jpg,Sim,DC_0220.pdf,2026-04-21,2026-04-21,Repositorio_DSP,Validado,João,
221,UUID-1221,Tiago,Lagoa Nova,COM06,Sim,TC_0221.pdf,Sim,IMG_0221.jpg,Sim,DC_0221.pdf,2026-04-22,2026-04-22,Repositorio_DSP,Validado,Paula,
222,UUID-1222,Ana,São Miguel do Norte,COM07,Sim,TC_0222.pdf,Sim,IMG_0222.jpg,Sim,DC_0222.pdf,2026-04-23,2026-04-23,Repositorio_DSP,Validado,Marina,
223,UUID-1223,Carlos,Pedra Branca,COM08,Sim,TC_0223.pdf,Sim,IMG_0223.jpg,Sim,DC_0223.pdf,2026-04-24,2026-04-24,Repositorio_DSP,Validado,João,
224,UUID-1224,Júlia,Rio Claro,COM09,Sim,TC_0224.pdf,Sim,IMG_0224.jpg,Sim,DC_0224.pdf,2026-04-25,2026-04-25,Repositorio_DSP,Validado,Paula,
225,UUID-1225,Pedro,Santa Aurora,COM10,Sim,TC_0225.pdf,Sim,IMG_0225.jpg,Sim,DC_0225.pdf,2026-04-26,2026-04-26,Repositorio_DSP,Validado,Marina,
226,UUID-1226,Rafaela,Vale Verde,COM11,Sim,TC_0226.pdf,Sim,IMG_0226.jpg,Sim,DC_0226.pdf,2026-04-27,2026-04-27,Repositorio_DSP,Validado,João,
227,UUID-1227,Tiago,Serra Azul,COM12,Sim,TC_0227.pdf,Sim,IMG_0227.jpg,Sim,DC_0227.pdf,2026-04-28,2026-04-28,Repositorio_DSP,Validado,Paula,
228,UUID-1228,Ana,Boa Esperança,COM01,Sim,TC_0228.pdf,Sim,IMG_0228.jpg,Sim,DC_0228.pdf,2026-04-10,2026-04-10,Repositorio_DSP,Validado,Marina,
229,UUID-1229,Carlos,Lagoa Nova,COM02,Sim,TC_0229.pdf,Sim,IMG_0229.jpg,Sim,DC_0229.pdf,2026-04-11,2026-04-11,Repositorio_DSP,Validado,João,
230,UUID-1230,Júlia,São Miguel do Norte,COM03,Sim,TC_0230.pdf,Sim,IMG_0230.jpg,Sim,DC_0230.pdf,2026-04-12,2026-04-12,Repositorio_DSP,Validado,Paula,
231,UUID-1231,Pedro,Pedra Branca,COM04,Sim,TC_0231.pdf,Sim,IMG_0231.jpg,Sim,DC_0231.pdf,2026-04-13,2026-04-13,Repositorio_DSP,Validado,Marina,
232,UUID-1232,Rafaela,Rio Claro,COM05,Sim,TC_0232.pdf,Sim,IMG_0232.jpg,Sim,DC_0232.pdf,2026-04-14,2026-04-14,Repositorio_DSP,Validado,João,
233,UUID-1233,Tiago,Santa Aurora,COM06,Sim,TC_0233.pdf,Sim,IMG_0233.jpg,Sim,DC_0233.pdf,2026-04-15,2026-04-15,Repositorio_DSP,Validado,Paula,
234,UUID-1234,Ana,Vale Verde,COM07,Sim,TC_0234.pdf,Sim,IMG_0234.jpg,Sim,DC_0234.pdf,2026-04-16,2026-04-16,Repositorio_DSP,Validado,Marina,
235,UUID-1235,Carlos,Serra Azul,COM08,Sim,TC_0235.pdf,Sim,IMG_0235.jpg,Sim,DC_0235.pdf,2026-04-17,2026-04-17,Repositorio_DSP,Validado,João,
236,UUID-1236,Júlia,Boa Esperança,COM09,Sim,TC_0236.pdf,Sim,IMG_0236.jpg,Sim,DC_0236.pdf,2026-04-18,2026-04-18,Repositorio_DSP,Validado,Paula,
237,UUID-1237,Pedro,Lagoa Nova,COM10,Sim,TC_0237.pdf,Sim,IMG_0237.jpg,Sim,DC_0237.pdf,2026-04-19,2026-04-19,Repositorio_DSP,Validado,Marina,
238,UUID-1238,Rafaela,São Miguel do Norte,COM11,Sim,TC_0238.pdf,Sim,IMG_0238.jpg,Sim,DC_0238.pdf,2026-04-20,2026-04-20,Repositorio_DSP,Validado,João,
239,UUID-1239,Tiago,Pedra Branca,COM12,Sim,TC_0239.pdf,Sim,IMG_0239.jpg,Sim,DC_0239.pdf,2026-04-21,2026-04-21,Repositorio_DSP,Validado,Paula,
240,UUID-1240,Ana,Rio Claro,COM01,Sim,TC_0240.pdf,Sim,IMG_0240.jpg,Sim,DC_0240.pdf,2026-04-22,2026-04-22,Repositorio_DSP,Validado,Marina,
241,UUID-1241,Carlos,Santa Aurora,COM02,Sim,TC_0241.pdf,Sim,IMG_0241.jpg,Sim,DC_0241.pdf,2026-04-23,2026-04-23,Repositorio_DSP,Validado,João,
242,UUID-1242,Júlia,Vale Verde,COM03,Sim,TC_0242.pdf,Sim,IMG_0242.jpg,Sim,DC_0242.pdf,2026-04-24,2026-04-24,Repositorio_DSP,Validado,Paula,
243,UUID-1243,Pedro,Serra Azul,COM04,Sim,TC_0243.pdf,Sim,IMG_0243.jpg,Sim,DC_0243.pdf,2026-04-25,2026-04-25,Repositorio_DSP,Validado,Marina,
244,UUID-1244,Rafaela,Boa Esperança,COM05,Sim,TC_0244.pdf,Sim,IMG_0244.jpg,Sim,DC_0244.pdf,2026-04-26,2026-04-26,Repositorio_DSP,Validado,João,
245,UUID-1245,Tiago,Lagoa Nova,COM06,Sim,TC_0245.pdf,Sim,IMG_0245.jpg,Sim,DC_0245.pdf,2026-04-27,2026-04-27,Repositorio_DSP,Validado,Paula,
246,UUID-1246,Ana,São Miguel do Norte,COM07,Sim,TC_0246.pdf,Sim,IMG_0246.jpg,Sim,DC_0246.pdf,2026-04-28,2026-04-28,Repositorio_DSP,Validado,Marina,
247,UUID-1247,Carlos,Pedra Branca,COM08,Sim,TC_0247.pdf,Sim,IMG_0247.jpg,Sim,DC_0247.pdf,2026-04-10,2026-04-10,Repositorio_DSP,Validado,João,
248,UUID-1248,Júlia,Rio Claro,COM09,Sim,TC_0248.pdf,Sim,IMG_0248.jpg,Sim,DC_0248.pdf,2026-04-11,2026-04-11,Repositorio_DSP,Validado,Paula,
249,UUID-1249,Pedro,Santa Aurora,COM10,Sim,TC_0249.pdf,Sim,IMG_0249.jpg,Sim,DC_0249.pdf,2026-04-12,2026-04-12,Repositorio_DSP,Validado,Marina,
250,UUID-1250,Rafaela,Vale Verde,COM11,Sim,TC_0250.pdf,Sim,IMG_0250.jpg,Sim,DC_0250.pdf,2026-04-13,2026-04-13,Repositorio_DSP,Validado,João,
